Order ID,Order Date,Customer ID,Category,Sub-Category,Product,Region,Quantity,Unit Price,Discount,Sales,Profit
ORD00001,2025-06-10,CUST0421,Electronics,Headphones,Headphones Product 8,East,4,98.28,0.1,353.81,26.12
ORD00002,2025-03-08,CUST0741,Accessories,Keyboards,Keyboards Product 7,East,4,59.68,0.05,226.78,32.13
ORD00003,2025-06-11,CUST0686,Furniture,Desks,Desks Product 7,South,3,34.52,0.05,98.38,7.9
ORD00004,2025-09-05,CUST0622,Office Supplies,Paper,Paper Product 7,North,4,38.76,0.2,124.03,25.88
ORD00005,2025-01-16,CUST0293,Furniture,Tables,Tables Product 8,South,3,78.91,0.1,213.06,43.45
ORD00006,2025-09-08,CUST0381,Furniture,Desks,Desks Product 3,North,2,90.05,0.0,180.1,19.09
ORD00007,2025-06-09,CUST0673,Office Supplies,Storage,Storage Product 4,West,5,85.89,0.15,365.03,74.27
ORD00008,2025-10-18,CUST0629,Furniture,Chairs,Chairs Product 7,East,4,69.78,0.0,279.12,22.74
ORD00009,2025-10-12,CUST0197,Furniture,Desks,Desks Product 1,South,2,44.45,0.05,84.45,8.06
ORD00010,2025-07-26,CUST0443,Office Supplies,Binders,Binders Product 1,East,3,20.21,0.1,54.57,9.93
ORD00011,2025-01-12,CUST0794,Accessories,Bags,Bags Product 7,North,4,44.68,0.0,178.72,28.9
ORD00012,2025-02-16,CUST0446,Electronics,Headphones,Headphones Product 5,West,1,83.36,0.0,83.36,17.7
ORD00013,2025-05-29,CUST0085,Accessories,Cables,Cables Product 1,West,3,81.2,0.0,243.6,20.59
ORD00014,2025-07-01,CUST0557,Office Supplies,Storage,Storage Product 4,South,3,44.47,0.05,126.74,12.42
ORD00015,2025-04-21,CUST0274,Electronics,Phones,Phones Product 1,South,2,57.29,0.0,114.58,11.17
ORD00016,2025-04-07,CUST0623,Accessories,Cables,Cables Product 3,East,5,33.5,0.0,167.5,45.87
ORD00017,2025-04-10,CUST0563,Accessories,Cables,Cables Product 2,East,4,32.54,0.15,110.64,14.79
ORD00018,2025-06-29,CUST0575,Furniture,Desks,Desks Product 6,South,3,41.01,0.15,104.58,20.31
ORD00019,2025-08-02,CUST0629,Furniture,Tables,Tables Product 1,North,1,51.65,0.0,51.65,8.43
ORD00020,2025-10-17,CUST0137,Furniture,Chairs,Chairs Product 3,West,2,76.09,0.0,152.18,30.06
ORD00021,2025-05-07,CUST0335,Accessories,Cables,Cables Product 4,South,3,91.18,0.0,273.54,74.32
ORD00022,2025-02-28,CUST0457,Accessories,Bags,Bags Product 5,South,1,220.94,0.05,209.89,53.54
ORD00023,2025-05-02,CUST0291,Accessories,Bags,Bags Product 7,North,5,46.06,0.05,218.78,15.71
ORD00024,2025-02-13,CUST0225,Accessories,Cables,Cables Product 2,East,1,30.78,0.0,30.78,6.6
ORD00025,2025-10-08,CUST0189,Office Supplies,Storage,Storage Product 1,North,5,114.29,0.15,485.73,43.01
ORD00026,2025-03-15,CUST0762,Office Supplies,Binders,Binders Product 6,South,2,35.38,0.15,60.15,6.37
ORD00027,2025-04-04,CUST0239,Office Supplies,Binders,Binders Product 4,West,5,39.42,0.0,197.1,17.54
ORD00028,2025-02-12,CUST0415,Accessories,Bags,Bags Product 4,South,5,168.41,0.15,715.74,158.31
ORD00029,2025-08-30,CUST0304,Electronics,Headphones,Headphones Product 3,North,2,123.85,0.0,247.7,56.81
ORD00030,2025-09-30,CUST0144,Accessories,Keyboards,Keyboards Product 3,East,2,176.46,0.15,299.98,21.95
ORD00031,2025-03-13,CUST0399,Office Supplies,Storage,Storage Product 5,South,1,33.73,0.1,30.36,7.57
ORD00032,2025-12-20,CUST0098,Electronics,Headphones,Headphones Product 3,East,1,150.64,0.0,150.64,32.47
ORD00033,2025-08-01,CUST0068,Accessories,Keyboards,Keyboards Product 6,West,4,34.1,0.15,115.94,21.52
ORD00034,2025-02-18,CUST0391,Electronics,Phones,Phones Product 5,East,1,82.89,0.0,82.89,11.62
ORD00035,2025-04-15,CUST0119,Furniture,Desks,Desks Product 6,West,3,38.38,0.0,115.14,22.0
ORD00036,2025-03-08,CUST0746,Electronics,Headphones,Headphones Product 6,West,1,69.99,0.2,55.99,8.35
ORD00037,2025-10-14,CUST0201,Furniture,Tables,Tables Product 7,South,4,74.08,0.0,296.32,72.86
ORD00038,2025-04-16,CUST0330,Electronics,Phones,Phones Product 1,South,3,30.25,0.15,77.14,12.58
ORD00039,2025-08-26,CUST0215,Accessories,Cables,Cables Product 2,West,1,19.25,0.05,18.29,2.14
ORD00040,2025-05-11,CUST0117,Office Supplies,Storage,Storage Product 2,West,5,398.73,0.0,1993.65,396.51
ORD00041,2025-02-22,CUST0462,Furniture,Chairs,Chairs Product 2,South,5,100.01,0.0,500.05,68.48
ORD00042,2025-06-06,CUST0473,Electronics,Phones,Phones Product 5,East,1,50.75,0.0,50.75,4.6
ORD00043,2025-04-27,CUST0429,Accessories,Cables,Cables Product 1,South,5,62.46,0.15,265.45,56.47
ORD00044,2025-04-14,CUST0040,Electronics,Headphones,Headphones Product 1,South,2,235.23,0.05,446.94,67.38
ORD00045,2025-02-07,CUST0551,Accessories,Cables,Cables Product 1,West,5,130.88,0.0,654.4,173.4
ORD00046,2025-08-18,CUST0514,Accessories,Keyboards,Keyboards Product 5,West,5,29.32,0.15,124.61,24.72
ORD00047,2025-07-15,CUST0627,Office Supplies,Paper,Paper Product 4,East,5,66.63,0.15,283.18,38.25
ORD00048,2025-08-09,CUST0186,Office Supplies,Paper,Paper Product 3,South,2,47.38,0.05,90.02,13.58
ORD00049,2025-04-30,CUST0634,Office Supplies,Binders,Binders Product 8,East,4,57.98,0.1,208.73,23.87
ORD00050,2025-06-28,CUST0522,Accessories,Keyboards,Keyboards Product 2,West,3,129.71,0.05,369.67,87.69
ORD00051,2025-08-20,CUST0478,Office Supplies,Binders,Binders Product 6,East,4,38.35,0.1,138.06,13.18
ORD00052,2025-07-31,CUST0068,Accessories,Keyboards,Keyboards Product 5,West,1,129.19,0.0,129.19,29.09
ORD00053,2025-12-16,CUST0797,Office Supplies,Paper,Paper Product 7,West,5,43.08,0.05,204.63,45.84
ORD00054,2025-03-03,CUST0137,Accessories,Bags,Bags Product 2,East,2,27.36,0.0,54.72,11.12
ORD00055,2025-06-20,CUST0414,Electronics,Phones,Phones Product 4,North,3,73.54,0.1,198.56,42.66
ORD00056,2025-06-28,CUST0526,Office Supplies,Paper,Paper Product 6,South,5,88.6,0.0,443.0,43.21
ORD00057,2025-09-02,CUST0507,Accessories,Keyboards,Keyboards Product 3,West,2,120.84,0.15,205.43,40.06
ORD00058,2025-07-22,CUST0350,Furniture,Tables,Tables Product 6,South,2,54.65,0.0,109.3,29.21
ORD00059,2025-07-21,CUST0112,Electronics,Headphones,Headphones Product 4,East,1,35.36,0.15,30.06,4.16
ORD00060,2025-11-17,CUST0510,Accessories,Bags,Bags Product 1,North,4,104.29,0.0,417.16,104.33
ORD00061,2025-09-08,CUST0345,Furniture,Tables,Tables Product 3,West,1,64.72,0.05,61.48,14.3
ORD00062,2025-07-18,CUST0089,Furniture,Chairs,Chairs Product 4,West,3,80.3,0.15,204.76,40.7
ORD00063,2025-04-14,CUST0020,Electronics,Headphones,Headphones Product 6,North,4,81.34,0.0,325.36,91.04
ORD00064,2025-06-15,CUST0115,Office Supplies,Binders,Binders Product 7,West,1,70.03,0.0,70.03,8.98
ORD00065,2025-11-29,CUST0125,Accessories,Bags,Bags Product 1,West,1,84.67,0.0,84.67,6.87
ORD00066,2025-09-02,CUST0640,Office Supplies,Storage,Storage Product 8,West,5,23.02,0.15,97.83,5.28
ORD00067,2025-09-12,CUST0091,Electronics,Headphones,Headphones Product 1,East,5,143.02,0.0,715.1,86.07
ORD00068,2025-10-24,CUST0587,Office Supplies,Binders,Binders Product 1,North,4,64.06,0.15,217.8,16.02
ORD00069,2025-09-17,CUST0057,Electronics,Laptops,Laptops Product 5,North,1,184.66,0.1,166.19,10.95
ORD00070,2025-10-09,CUST0147,Electronics,Laptops,Laptops Product 4,West,5,18.36,0.0,91.8,9.03
ORD00071,2025-10-14,CUST0199,Office Supplies,Binders,Binders Product 8,East,3,53.36,0.05,152.08,14.68
ORD00072,2025-02-27,CUST0119,Furniture,Tables,Tables Product 4,East,3,120.75,0.1,326.03,79.26
ORD00073,2025-06-23,CUST0075,Office Supplies,Binders,Binders Product 3,East,5,232.77,0.0,1163.85,157.84
ORD00074,2025-11-03,CUST0174,Furniture,Desks,Desks Product 8,East,4,59.33,0.05,225.45,33.65
ORD00075,2025-01-14,CUST0077,Office Supplies,Paper,Paper Product 5,South,5,49.87,0.05,236.88,26.68
ORD00076,2025-03-31,CUST0630,Office Supplies,Binders,Binders Product 3,East,4,50.16,0.1,180.58,21.35
ORD00077,2025-08-17,CUST0447,Electronics,Phones,Phones Product 8,North,3,326.52,0.05,930.58,199.93
ORD00078,2025-07-09,CUST0670,Accessories,Keyboards,Keyboards Product 4,South,3,54.01,0.15,137.73,14.51
ORD00079,2025-01-27,CUST0452,Electronics,Laptops,Laptops Product 3,South,1,122.17,0.0,122.17,16.63
ORD00080,2025-09-15,CUST0685,Electronics,Headphones,Headphones Product 4,South,2,18.35,0.0,36.7,9.01
ORD00081,2025-08-08,CUST0062,Office Supplies,Paper,Paper Product 8,South,2,22.72,0.0,45.44,12.35
ORD00082,2025-12-04,CUST0513,Accessories,Cables,Cables Product 3,North,2,81.64,0.1,146.95,19.48
ORD00083,2025-07-11,CUST0736,Office Supplies,Paper,Paper Product 8,West,4,93.17,0.0,372.68,92.15
ORD00084,2025-11-04,CUST0314,Office Supplies,Paper,Paper Product 3,North,5,143.78,0.0,718.9,121.96
ORD00085,2025-06-08,CUST0196,Accessories,Keyboards,Keyboards Product 8,West,1,166.85,0.0,166.85,19.39
ORD00086,2025-09-21,CUST0395,Electronics,Phones,Phones Product 1,North,2,91.32,0.05,173.51,32.06
ORD00087,2025-11-04,CUST0635,Furniture,Chairs,Chairs Product 7,East,5,70.88,0.1,318.96,60.3
ORD00088,2025-05-01,CUST0386,Electronics,Headphones,Headphones Product 5,West,2,95.53,0.0,191.06,47.55
ORD00089,2025-07-04,CUST0307,Office Supplies,Storage,Storage Product 3,East,2,49.42,0.05,93.9,22.31
ORD00090,2025-08-18,CUST0505,Furniture,Desks,Desks Product 4,North,3,33.86,0.0,101.58,26.76
ORD00091,2025-03-11,CUST0336,Electronics,Phones,Phones Product 3,North,2,54.39,0.2,87.02,10.41
ORD00092,2025-09-18,CUST0785,Office Supplies,Binders,Binders Product 7,East,1,71.54,0.1,64.39,11.7
ORD00093,2025-10-05,CUST0499,Accessories,Cables,Cables Product 7,South,5,76.42,0.1,343.89,85.16
ORD00094,2025-12-17,CUST0523,Accessories,Bags,Bags Product 4,West,1,221.02,0.05,209.97,37.4
ORD00095,2025-04-16,CUST0004,Electronics,Headphones,Headphones Product 1,South,1,197.13,0.1,177.42,22.05
ORD00096,2025-04-29,CUST0782,Electronics,Phones,Phones Product 2,South,4,43.02,0.2,137.66,16.93
ORD00097,2025-01-31,CUST0356,Electronics,Headphones,Headphones Product 7,North,4,40.13,0.15,136.44,31.03
ORD00098,2025-10-06,CUST0570,Electronics,Laptops,Laptops Product 6,West,2,85.6,0.0,171.2,36.82
ORD00099,2025-09-27,CUST0082,Electronics,Headphones,Headphones Product 5,North,4,95.96,0.0,383.84,48.71
ORD00100,2025-10-05,CUST0321,Accessories,Cables,Cables Product 6,West,1,71.87,0.1,64.68,3.94
ORD00101,2025-03-28,CUST0722,Office Supplies,Storage,Storage Product 3,East,2,12.57,0.0,25.14,6.3
ORD00102,2025-09-05,CUST0068,Office Supplies,Binders,Binders Product 6,South,2,50.1,0.15,85.17,6.82
ORD00103,2025-10-22,CUST0427,Furniture,Desks,Desks Product 2,North,3,229.12,0.0,687.36,111.07
ORD00104,2025-06-30,CUST0732,Office Supplies,Paper,Paper Product 2,South,5,26.42,0.05,125.5,18.32
ORD00105,2025-05-14,CUST0242,Furniture,Chairs,Chairs Product 4,West,1,29.45,0.0,29.45,2.46
ORD00106,2025-07-03,CUST0433,Office Supplies,Storage,Storage Product 8,South,2,48.89,0.2,78.22,14.11
ORD00107,2025-03-27,CUST0787,Furniture,Desks,Desks Product 6,North,2,21.11,0.15,35.89,5.33
ORD00108,2025-03-06,CUST0125,Office Supplies,Binders,Binders Product 3,West,4,37.94,0.0,151.76,21.93
ORD00109,2025-07-24,CUST0688,Electronics,Laptops,Laptops Product 4,West,1,77.63,0.15,65.99,8.59
ORD00110,2025-04-27,CUST0082,Accessories,Cables,Cables Product 4,East,4,45.47,0.0,181.88,35.0
ORD00111,2025-07-07,CUST0591,Furniture,Desks,Desks Product 1,South,4,51.43,0.0,205.72,55.95
ORD00112,2025-10-16,CUST0250,Electronics,Laptops,Laptops Product 1,North,2,32.25,0.05,61.27,10.46
ORD00113,2025-05-21,CUST0781,Accessories,Bags,Bags Product 3,South,4,119.34,0.1,429.62,41.42
ORD00114,2025-03-01,CUST0001,Furniture,Chairs,Chairs Product 1,East,3,59.81,,179.43,45.32
ORD00115,2025-05-02,CUST0424,Furniture,Tables,Tables Product 3,North,1,94.23,0.15,80.1,16.88
ORD00116,2025-09-29,CUST0265,Furniture,Tables,Tables Product 2,West,2,22.81,0.1,41.06,4.13
ORD00117,2025-06-18,CUST0255,Furniture,Chairs,Chairs Product 2,North,3,80.73,0.0,242.19,21.67
ORD00118,2025-09-15,CUST0496,Accessories,Bags,Bags Product 4,North,1,100.04,0.0,100.04,10.22
ORD00119,2025-08-04,CUST0427,Electronics,Phones,Phones Product 5,South,2,18.01,0.0,36.02,9.03
ORD00120,2025-07-23,CUST0364,Electronics,Headphones,Headphones Product 8,East,4,33.77,0.0,135.08,35.63
ORD00121,2025-05-12,CUST0091,Accessories,Keyboards,Keyboards Product 5,South,1,33.16,0.0,33.16,7.95
ORD00122,2025-09-26,CUST0277,Electronics,Phones,Phones Product 4,North,3,97.61,0.0,292.83,25.17
ORD00123,2025-09-22,CUST0100,Office Supplies,Paper,Paper Product 8,North,4,180.04,0.1,648.14,76.76
ORD00124,2025-10-17,CUST0406,Office Supplies,Paper,Paper Product 1,West,1,68.84,0.1,61.96,5.55
ORD00125,2025-01-07,CUST0458,Furniture,Chairs,Chairs Product 8,North,5,194.11,0.05,922.02,85.64
ORD00126,2025-06-13,CUST0476,Accessories,Cables,Cables Product 2,South,3,29.86,0.0,89.58,8.07
ORD00127,2025-11-02,CUST0678,Furniture,Tables,Tables Product 7,West,5,55.72,0.05,264.67,30.11
ORD00128,2025-07-14,CUST0580,Furniture,Tables,Tables Product 7,East,4,29.83,0.0,119.32,25.72
ORD00129,2025-12-25,CUST0029,Furniture,Desks,Desks Product 7,South,4,49.04,0.05,186.35,13.04
ORD00130,2025-02-28,CUST0546,Office Supplies,Binders,Binders Product 4,North,3,40.12,0.15,102.31,12.43
ORD00131,2025-03-07,CUST0195,Furniture,Desks,Desks Product 2,South,2,153.63,0.15,261.17,58.77
ORD00132,2025-02-02,CUST0593,Furniture,Desks,Desks Product 6,East,4,61.49,0.0,245.96,45.11
ORD00133,2025-07-28,CUST0689,Office Supplies,Storage,Storage Product 7,East,5,28.99,0.15,123.21,26.57
ORD00134,2025-12-27,CUST0302,Electronics,Laptops,Laptops Product 7,East,2,199.2,0.0,398.4,109.9
ORD00135,2025-05-25,CUST0308,Accessories,Keyboards,Keyboards Product 4,North,4,76.52,0.1,275.47,47.16
ORD00136,2025-05-13,CUST0315,Office Supplies,Binders,Binders Product 7,North,5,43.89,0.0,219.45,34.11
ORD00137,2025-09-07,CUST0159,Furniture,Chairs,Chairs Product 1,South,2,17.13,0.2,27.41,2.16
ORD00138,2025-06-24,CUST0418,Accessories,Cables,Cables Product 1,South,5,38.44,0.0,192.2,22.52
ORD00139,2025-01-17,CUST0539,Furniture,Chairs,Chairs Product 4,West,1,31.34,0.2,25.07,4.02
ORD00140,2025-10-10,CUST0721,Electronics,Laptops,Laptops Product 1,West,2,52.27,0.1,94.09,21.67
ORD00141,2025-12-14,CUST0178,Office Supplies,Storage,Storage Product 5,South,2,29.65,0.0,59.3,8.35
ORD00142,2025-01-30,CUST0203,Electronics,Headphones,Headphones Product 4,North,5,35.11,0.05,166.77,16.77
ORD00143,2025-08-02,CUST0668,Electronics,Headphones,Headphones Product 4,North,2,34.45,0.0,68.9,10.63
ORD00144,2025-03-27,CUST0717,Accessories,Bags,Bags Product 6,North,4,169.42,0.2,542.14,29.35
ORD00145,2025-11-05,CUST0149,Furniture,Chairs,Chairs Product 2,West,1,37.02,0.05,35.17,5.54
ORD00146,2025-05-02,CUST0196,Office Supplies,Paper,Paper Product 3,North,5,153.48,0.05,729.03,85.43
ORD00147,2025-11-21,CUST0361,Electronics,Headphones,Headphones Product 5,South,1,41.62,0.05,39.54,6.55
ORD00148,2025-02-02,CUST0386,Office Supplies,Storage,Storage Product 7,West,3,63.38,0.0,190.14,51.42
ORD00149,2025-07-22,CUST0304,Electronics,Laptops,Laptops Product 1,North,2,28.56,0.0,57.12,4.91
ORD00150,2025-07-12,CUST0425,Accessories,Bags,Bags Product 6,North,2,83.01,0.05,157.72,23.28
ORD00151,2025-10-26,CUST0663,Accessories,Keyboards,Keyboards Product 8,East,1,5.63,0.05,5.35,0.52
ORD00152,2025-01-20,CUST0600,Furniture,Tables,Tables Product 6,West,1,147.06,0.15,125.0,20.88
ORD00153,2025-12-04,CUST0442,Accessories,Bags,Bags Product 8,South,2,31.45,0.1,56.61,3.14
ORD00154,2025-10-15,CUST0506,Furniture,Desks,Desks Product 4,South,1,110.04,0.0,110.04,12.16
ORD00155,2025-04-27,CUST0526,Electronics,Headphones,Headphones Product 5,North,4,30.66,0.05,116.51,23.24
ORD00156,2025-12-26,CUST0676,Furniture,Tables,Tables Product 5,North,5,22.31,0.0,111.55,24.05
ORD00157,2025-11-22,CUST0289,Accessories,Cables,Cables Product 8,East,2,49.57,0.1,89.23,10.31
ORD00158,2025-08-04,CUST0407,Furniture,Desks,Desks Product 6,West,4,56.19,0.05,213.52,45.15
ORD00159,2025-08-25,CUST0207,Furniture,Tables,Tables Product 2,West,1,37.56,0.05,35.68,5.55
ORD00160,2025-11-20,CUST0261,Electronics,Laptops,Laptops Product 7,North,4,47.29,0.1,170.24,10.04
ORD00161,2025-11-11,CUST0697,Electronics,Headphones,Headphones Product 3,West,5,30.59,0.1,137.66,11.13
ORD00162,2025-12-17,CUST0434,Electronics,Laptops,Laptops Product 5,East,2,75.26,0.15,127.94,10.62
ORD00163,2025-08-11,CUST0574,Accessories,Keyboards,Keyboards Product 8,East,3,61.77,0.1,166.78,19.86
ORD00164,2025-12-18,CUST0488,Furniture,Tables,Tables Product 3,South,4,82.71,0.05,314.3,76.22
ORD00165,2025-11-08,CUST0354,Electronics,Headphones,Headphones Product 6,West,5,32.44,0.05,154.09,25.5
ORD00166,2025-12-08,CUST0782,Furniture,Desks,Desks Product 1,East,2,42.54,0.2,68.06,13.52
ORD00167,2025-10-06,CUST0485,Accessories,Keyboards,Keyboards Product 6,East,2,295.7,0.05,561.83,64.92
ORD00168,2025-08-28,CUST0653,Furniture,Chairs,Chairs Product 3,West,2,80.57,0.05,153.08,17.03
ORD00169,2025-01-03,CUST0188,Office Supplies,Paper,Paper Product 2,East,2,30.06,0.15,51.1,10.75
ORD00170,2025-12-12,CUST0124,Accessories,Cables,Cables Product 1,South,1,51.99,0.2,41.59,2.85
ORD00171,2025-12-07,CUST0471,Furniture,Tables,Tables Product 7,North,5,153.38,0.0,766.9,82.52
ORD00172,2025-07-30,CUST0141,Furniture,Tables,Tables Product 2,South,5,46.27,0.0,231.35,57.03
ORD00173,2025-07-02,CUST0019,Office Supplies,Binders,Binders Product 8,North,2,101.16,0.1,182.09,46.14
ORD00174,2025-04-19,CUST0369,Office Supplies,Paper,Paper Product 2,South,1,83.22,0.2,66.58,6.24
ORD00175,2025-09-03,CUST0724,Electronics,Laptops,Laptops Product 7,West,2,29.57,0.15,50.27,10.5
ORD00176,2025-03-23,CUST0714,Furniture,Tables,Tables Product 3,North,2,158.67,0.15,269.74,37.97
ORD00177,2025-02-05,CUST0408,Office Supplies,Storage,Storage Product 1,North,5,47.71,0.05,226.62,18.36
ORD00178,2025-09-30,CUST0658,Electronics,Laptops,Laptops Product 3,North,3,51.76,0.0,155.28,32.68
ORD00179,2025-11-11,CUST0035,Electronics,Laptops,Laptops Product 1,South,1,33.74,0.05,32.05,7.42
ORD00180,2025-07-16,CUST0600,Furniture,Tables,Tables Product 6,South,4,62.81,0.1,226.12,35.24
ORD00181,2025-03-22,CUST0608,Furniture,Tables,Tables Product 1,South,3,42.39,0.1,114.45,9.02
ORD00182,2025-11-08,CUST0110,Electronics,Laptops,Laptops Product 8,East,1,117.88,0.0,117.88,32.78
ORD00183,2025-05-24,CUST0364,Electronics,Phones,Phones Product 2,East,5,60.39,0.2,241.56,49.42
ORD00184,2025-09-30,CUST0441,Electronics,Phones,Phones Product 4,West,4,51.14,0.1,184.1,30.98
ORD00185,2025-01-10,CUST0495,Furniture,Desks,Desks Product 3,South,3,47.64,0.1,128.63,19.58
ORD00186,2025-10-03,CUST0217,Furniture,Chairs,Chairs Product 2,East,4,21.32,0.05,81.02,11.71
ORD00187,2025-07-25,CUST0008,Electronics,Laptops,Laptops Product 2,East,3,35.87,0.0,107.61,8.63
ORD00188,2025-10-30,CUST0381,Accessories,Keyboards,Keyboards Product 7,West,4,89.88,0.15,305.59,41.71
ORD00189,2025-03-20,CUST0022,Furniture,Chairs,Chairs Product 2,West,2,215.79,0.0,431.58,93.18
ORD00190,2025-08-26,CUST0688,Electronics,Phones,Phones Product 2,South,2,43.99,0.0,87.98,9.41
ORD00191,2025-01-21,CUST0335,Furniture,Tables,Tables Product 2,West,2,265.88,0.0,531.76,107.47
ORD00192,2025-06-17,CUST0496,Accessories,Bags,Bags Product 4,North,5,10.77,0.0,53.85,5.55
ORD00193,2025-10-03,CUST0354,Electronics,Headphones,Headphones Product 1,North,5,139.61,0.05,663.15,176.95
ORD00194,2025-12-04,CUST0137,Furniture,Chairs,Chairs Product 7,West,2,41.48,0.05,78.81,18.03
ORD00195,2025-06-30,CUST0636,Furniture,Tables,Tables Product 5,South,3,13.67,0.0,41.01,6.54
ORD00196,2025-01-12,CUST0471,Electronics,Phones,Phones Product 5,South,2,90.18,0.0,180.36,45.67
ORD00197,2025-06-07,CUST0584,Office Supplies,Binders,Binders Product 4,West,3,63.07,0.2,151.37,32.78
ORD00198,2025-05-08,CUST0443,Furniture,Chairs,Chairs Product 3,South,3,161.73,0.05,460.93,91.84
ORD00199,2025-05-19,CUST0774,Accessories,Cables,Cables Product 4,West,1,186.94,0.0,186.94,41.99
ORD00200,2025-12-21,CUST0742,Electronics,Headphones,Headphones Product 2,East,3,58.43,0.0,175.29,43.01
ORD00201,2025-01-20,CUST0737,Electronics,Headphones,Headphones Product 5,West,5,154.79,0.0,773.95,204.93
ORD00202,2025-05-03,CUST0595,Electronics,Phones,Phones Product 2,West,1,172.96,0.05,164.31,11.96
ORD00203,2025-06-20,CUST0704,Electronics,Phones,Phones Product 8,West,2,62.76,0.15,106.69,11.59
ORD00204,2025-02-24,CUST0397,Furniture,Desks,Desks Product 2,East,3,67.38,0.0,202.14,47.5
ORD00205,2025-12-18,CUST0769,Electronics,Headphones,Headphones Product 8,East,1,39.26,0.0,39.26,7.81
ORD00206,2025-08-21,CUST0785,Furniture,Chairs,Chairs Product 6,East,1,89.95,0.05,85.45,15.41
ORD00207,2025-05-16,CUST0177,Accessories,Cables,Cables Product 7,North,5,48.14,0.0,240.7,57.52
ORD00208,2025-07-04,CUST0371,Furniture,Desks,Desks Product 4,East,2,199.05,0.0,398.1,73.29
ORD00209,2025-09-01,CUST0465,Office Supplies,Paper,Paper Product 4,West,4,59.47,0.1,214.09,13.49
ORD00210,2025-03-09,CUST0078,Office Supplies,Storage,Storage Product 5,West,2,55.67,0.0,111.34,16.57
ORD00211,2025-10-23,CUST0792,Electronics,Phones,Phones Product 7,West,2,202.08,0.0,404.16,85.01
ORD00212,2025-05-15,CUST0794,Office Supplies,Binders,Binders Product 4,West,3,79.68,0.0,239.04,44.68
ORD00213,2025-09-15,CUST0249,Office Supplies,Paper,Paper Product 8,West,2,109.44,0.15,186.05,9.59
ORD00214,2025-09-21,CUST0428,Accessories,Keyboards,Keyboards Product 1,West,1,96.47,0.15,82.0,6.04
ORD00215,2025-05-25,CUST0231,Accessories,Cables,Cables Product 3,West,4,47.2,0.0,188.8,51.68
ORD00216,2025-02-16,CUST0566,Electronics,Phones,Phones Product 5,West,2,29.0,0.0,58.0,14.7
ORD00217,2025-11-04,CUST0240,Electronics,Headphones,Headphones Product 5,South,4,21.25,0.0,85.0,20.33
ORD00218,2025-06-16,CUST0365,Office Supplies,Storage,Storage Product 7,South,5,157.25,0.1,707.62,107.27
ORD00219,2025-05-23,CUST0579,Furniture,Tables,Tables Product 4,North,1,135.87,0.0,135.87,32.06
ORD00220,2025-04-14,CUST0780,Accessories,Keyboards,Keyboards Product 7,North,4,42.41,0.0,169.64,20.55
ORD00221,2025-12-08,CUST0284,Furniture,Tables,Tables Product 2,West,4,24.13,0.0,96.52,8.67
ORD00222,2025-08-29,CUST0501,Electronics,Laptops,Laptops Product 7,North,1,94.78,0.15,80.56,12.08
ORD00223,2025-08-14,CUST0090,Office Supplies,Storage,Storage Product 1,South,5,21.78,0.2,87.12,8.68
ORD00224,2025-02-15,CUST0432,Electronics,Phones,Phones Product 4,North,3,113.44,0.0,340.32,79.69
ORD00225,2025-08-27,CUST0614,Office Supplies,Paper,Paper Product 6,West,1,33.37,0.05,31.7,3.59
ORD00226,2025-07-13,CUST0416,Electronics,Headphones,Headphones Product 1,East,5,32.99,0.0,164.95,29.61
ORD00227,2025-12-30,CUST0778,Accessories,Cables,Cables Product 1,East,2,26.82,0.05,50.96,7.74
ORD00228,2025-01-07,CUST0375,Office Supplies,Paper,Paper Product 4,West,2,54.95,0.0,109.9,30.36
ORD00229,2025-01-23,CUST0722,Furniture,Tables,Tables Product 4,South,4,84.05,0.1,302.58,63.95
ORD00230,2025-10-11,CUST0537,Office Supplies,Paper,Paper Product 8,West,5,64.01,0.0,320.05,68.01
ORD00231,2025-06-05,CUST0392,Office Supplies,Binders,Binders Product 4,East,3,114.73,0.05,326.98,70.24
ORD00232,2025-02-11,CUST0598,Electronics,Phones,Phones Product 2,West,4,64.79,0.0,259.16,53.22
ORD00233,2025-02-10,CUST0316,Office Supplies,Paper,Paper Product 3,South,3,23.4,0.0,70.2,8.39
ORD00234,2025-10-02,CUST0286,Office Supplies,Paper,Paper Product 7,South,5,74.77,0.1,336.46,30.29
ORD00235,2025-04-10,CUST0663,Accessories,Bags,Bags Product 6,North,2,40.42,0.0,80.84,15.36
ORD00236,2025-03-17,CUST0359,Electronics,Phones,Phones Product 4,West,3,74.43,0.1,200.96,43.81
ORD00237,2025-05-12,CUST0575,Furniture,Chairs,Chairs Product 2,West,2,74.79,0.05,142.1,20.73
ORD00238,2025-09-13,CUST0243,Accessories,Bags,Bags Product 7,South,2,65.76,0.0,131.52,22.06
ORD00239,2025-10-06,CUST0019,Accessories,Bags,Bags Product 7,East,3,37.91,0.05,108.04,21.19
ORD00240,2025-05-11,CUST0369,Accessories,Cables,Cables Product 7,North,4,51.82,0.15,176.19,35.38
ORD00241,2025-06-24,CUST0611,Office Supplies,Paper,Paper Product 5,East,3,90.13,0.05,256.87,46.53
ORD00242,2025-10-09,CUST0795,Accessories,Keyboards,Keyboards Product 6,West,1,32.34,0.15,27.49,5.83
ORD00243,2025-04-25,CUST0503,Electronics,Headphones,Headphones Product 8,South,1,70.39,0.0,70.39,14.17
ORD00244,2025-09-30,CUST0047,Furniture,Desks,Desks Product 6,West,3,86.34,0.0,259.02,30.83
ORD00245,2025-11-01,CUST0181,Accessories,Cables,Cables Product 7,West,1,40.11,0.0,40.11,4.62
ORD00246,2025-06-03,CUST0188,Furniture,Desks,Desks Product 8,South,5,66.09,0.1,297.41,64.8
ORD00247,2025-04-07,CUST0620,Furniture,Desks,Desks Product 7,East,3,96.96,0.05,276.34,32.64
ORD00248,2025-07-28,CUST0457,Accessories,Cables,Cables Product 3,West,2,23.46,0.0,46.92,3.79
ORD00249,2025-03-17,CUST0113,Accessories,Bags,Bags Product 4,South,2,54.63,0.15,92.87,5.6
ORD00250,2025-06-08,CUST0384,Office Supplies,Paper,Paper Product 6,West,2,111.36,0.0,222.72,36.08
ORD00251,2025-09-09,CUST0195,Office Supplies,Binders,Binders Product 8,North,4,77.14,0.05,293.13,43.43
ORD00252,2025-02-17,CUST0161,Electronics,Headphones,Headphones Product 2,North,4,58.22,0.0,232.88,40.44
ORD00253,2025-04-16,CUST0509,Furniture,Tables,Tables Product 3,East,2,68.51,0.15,116.47,23.65
ORD00254,2025-12-06,CUST0180,Furniture,Chairs,Chairs Product 4,West,2,63.5,0.2,101.6,11.22
ORD00255,2025-01-13,CUST0129,Office Supplies,Binders,Binders Product 2,South,2,87.82,0.1,158.08,33.45
ORD00256,2025-11-10,CUST0694,Accessories,Cables,Cables Product 5,South,5,13.15,0.0,65.75,5.92
ORD00257,2025-10-05,CUST0085,Electronics,Phones,Phones Product 6,West,3,59.68,0.15,152.18,35.03
ORD00258,2025-02-28,CUST0599,Furniture,Chairs,Chairs Product 5,South,5,52.85,0.1,237.83,52.11
ORD00259,2025-03-28,CUST0686,Furniture,Chairs,Chairs Product 4,West,5,62.47,0.05,296.73,54.61
ORD00260,2025-04-03,CUST0418,Accessories,Keyboards,Keyboards Product 7,North,5,138.02,0.1,621.09,118.38
ORD00261,2025-12-17,CUST0314,Furniture,Desks,Desks Product 3,South,3,98.36,0.15,250.82,60.03
ORD00262,2025-08-13,CUST0700,Office Supplies,Binders,Binders Product 1,South,3,130.9,0.0,392.7,63.8
ORD00263,2025-05-20,CUST0200,Office Supplies,Storage,Storage Product 7,North,4,21.35,0.15,72.59,7.46
ORD00264,2025-06-16,CUST0176,Furniture,Chairs,Chairs Product 8,East,4,76.47,0.15,260.0,12.32
ORD00265,2025-06-30,CUST0600,Furniture,Tables,Tables Product 1,West,4,39.82,0.0,159.28,40.3
ORD00266,2025-07-11,CUST0693,Furniture,Tables,Tables Product 2,East,5,42.62,0.1,191.79,20.43
ORD00267,2025-03-20,CUST0636,Office Supplies,Storage,Storage Product 2,South,2,78.78,0.1,141.8,14.77
ORD00268,2025-12-05,CUST0425,Electronics,Phones,Phones Product 1,South,5,43.78,0.1,197.01,40.15
ORD00269,2025-08-22,CUST0047,Electronics,Phones,Phones Product 3,West,1,117.47,0.15,99.85,20.45
ORD00270,2025-10-29,CUST0266,Office Supplies,Paper,Paper Product 7,North,1,31.24,0.15,26.55,6.02
ORD00271,2025-02-02,CUST0071,Furniture,Chairs,Chairs Product 1,North,1,24.32,0.0,24.32,6.76
ORD00272,2025-05-30,CUST0705,Electronics,Phones,Phones Product 3,East,5,42.78,0.1,192.51,34.88
ORD00273,2025-09-18,CUST0055,Furniture,Tables,Tables Product 2,South,5,43.13,0.0,215.65,37.42
ORD00274,2025-09-09,CUST0264,Accessories,Keyboards,Keyboards Product 8,East,2,46.87,0.0,93.74,23.29
ORD00275,2025-01-29,CUST0362,Office Supplies,Storage,Storage Product 6,East,5,73.99,0.0,369.95,45.62
ORD00276,2025-04-14,CUST0497,Accessories,Bags,Bags Product 4,East,2,41.78,0.0,83.56,15.95
ORD00277,2025-02-19,CUST0487,Electronics,Phones,Phones Product 1,West,5,28.09,0.1,126.4,24.21
ORD00278,2025-10-31,CUST0594,Furniture,Chairs,Chairs Product 7,North,3,27.36,0.0,82.08,13.81
ORD00279,2025-07-19,CUST0067,Accessories,Keyboards,Keyboards Product 5,East,3,63.23,0.05,180.21,30.16
ORD00280,2025-02-13,CUST0058,Accessories,Keyboards,Keyboards Product 4,East,3,69.2,0.1,186.84,37.84
ORD00281,2025-12-03,CUST0410,Office Supplies,Binders,Binders Product 4,East,3,94.35,0.05,268.9,69.9
ORD00282,2025-05-14,CUST0615,Electronics,Phones,Phones Product 5,East,2,20.53,0.0,41.06,6.83
ORD00283,2025-07-28,CUST0321,Office Supplies,Paper,Paper Product 6,North,2,54.8,0.2,87.68,5.57
ORD00284,2025-04-02,CUST0724,Furniture,Tables,Tables Product 8,East,4,46.23,0.1,166.43,16.83
ORD00285,2025-11-07,CUST0280,Electronics,Headphones,Headphones Product 3,East,3,16.96,0.0,50.88,6.99
ORD00286,2025-05-05,CUST0511,Furniture,Tables,Tables Product 6,West,3,92.93,0.2,223.03,30.19
ORD00287,2025-03-16,CUST0751,Furniture,Desks,Desks Product 4,North,2,91.74,0.15,155.96,16.09
ORD00288,2025-01-14,CUST0257,Accessories,Cables,Cables Product 6,East,5,52.08,0.15,221.34,21.32
ORD00289,2025-07-04,CUST0646,Electronics,Phones,Phones Product 3,South,1,69.6,0.05,66.12,14.37
ORD00290,2025-01-21,CUST0183,Furniture,Tables,Tables Product 1,West,1,106.84,0.15,90.81,11.97
ORD00291,2025-01-08,CUST0713,Accessories,Cables,Cables Product 3,East,1,92.75,0.0,92.75,19.59
ORD00292,2025-02-07,CUST0125,Electronics,Laptops,Laptops Product 5,East,1,38.48,0.0,38.48,9.61
ORD00293,2025-06-11,CUST0101,Electronics,Phones,Phones Product 1,East,4,151.13,0.15,513.84,113.62
ORD00294,2025-10-23,CUST0528,Electronics,Phones,Phones Product 2,East,5,47.42,0.0,237.1,28.58
ORD00295,2025-12-14,CUST0617,Electronics,Phones,Phones Product 3,East,5,18.39,0.0,91.95,16.13
ORD00296,2025-04-29,CUST0351,Electronics,Headphones,Headphones Product 5,East,1,152.07,0.1,136.86,8.03
ORD00297,2025-10-11,CUST0691,Electronics,Phones,Phones Product 4,East,4,21.87,0.1,78.73,5.95
ORD00298,2025-03-01,CUST0331,Office Supplies,Storage,Storage Product 1,North,2,50.75,0.0,101.5,17.35
ORD00299,2025-12-04,CUST0243,Electronics,Headphones,Headphones Product 8,East,3,121.07,0.2,290.57,9.76
ORD00300,2025-03-26,CUST0776,Accessories,Cables,Cables Product 2,East,1,66.4,0.2,53.12,11.22
ORD00301,2025-11-07,CUST0510,Accessories,Bags,Bags Product 5,East,1,130.8,0.1,117.72,16.3
ORD00302,2025-07-11,CUST0378,Electronics,Phones,Phones Product 6,East,4,29.64,0.1,106.7,23.99
ORD00303,2025-12-20,CUST0302,Office Supplies,Paper,Paper Product 2,East,5,31.15,0.0,155.75,17.91
ORD00304,2025-08-28,CUST0303,Furniture,Tables,Tables Product 2,West,5,139.88,0.0,699.4,176.19
ORD00305,2025-08-14,CUST0515,Accessories,Bags,Bags Product 8,East,3,26.35,0.0,79.05,17.28
ORD00306,2025-06-01,CUST0380,Electronics,Phones,Phones Product 7,West,1,37.01,0.0,37.01,3.49
ORD00307,2025-05-03,CUST0029,Electronics,Laptops,Laptops Product 4,West,3,39.45,0.05,112.43,26.54
ORD00308,2025-04-14,CUST0114,Accessories,Bags,Bags Product 3,North,4,41.23,0.15,140.18,19.67
ORD00309,2025-01-18,CUST0552,Electronics,Headphones,Headphones Product 4,East,1,70.45,0.0,70.45,11.85
ORD00310,2025-04-30,CUST0521,Office Supplies,Paper,Paper Product 7,North,2,64.59,0.1,116.26,15.08
ORD00311,2025-04-01,CUST0005,Furniture,Chairs,Chairs Product 4,West,3,82.9,0.0,248.7,60.2
ORD00312,2025-11-08,CUST0337,Office Supplies,Paper,Paper Product 6,North,3,49.98,0.05,142.44,19.44
ORD00313,2025-12-10,CUST0723,Electronics,Headphones,Headphones Product 3,West,5,70.15,0.1,315.68,65.59
ORD00314,2025-05-14,CUST0356,Accessories,Cables,Cables Product 8,East,4,42.73,0.2,136.74,5.26
ORD00315,2025-05-03,CUST0083,Office Supplies,Paper,Paper Product 7,East,4,125.18,0.0,500.72,85.37
ORD00316,2025-03-17,CUST0042,Furniture,Chairs,Chairs Product 6,West,3,191.55,0.05,545.92,51.14
ORD00317,2025-07-03,CUST0584,Accessories,Bags,Bags Product 5,West,4,39.28,0.05,149.26,37.84
ORD00318,2025-02-17,CUST0224,Accessories,Keyboards,Keyboards Product 4,West,2,57.66,0.15,98.02,12.95
ORD00319,2025-07-13,CUST0160,Accessories,Cables,Cables Product 1,South,2,141.23,0.0,282.46,39.62
ORD00320,2025-05-17,CUST0211,Furniture,Tables,Tables Product 5,South,2,44.67,0.0,89.34,19.2
ORD00321,2025-09-19,CUST0045,Furniture,Tables,Tables Product 5,South,2,36.74,0.0,73.48,18.41
ORD00322,2025-07-22,CUST0100,Electronics,Laptops,Laptops Product 8,North,5,29.08,0.0,145.4,26.01
ORD00323,2025-02-17,CUST0121,Office Supplies,Storage,Storage Product 6,South,2,88.15,0.2,141.04,21.34
ORD00324,2025-10-29,CUST0427,Office Supplies,Storage,Storage Product 7,North,5,184.85,0.0,924.25,169.91
ORD00325,2025-01-06,CUST0755,Furniture,Tables,Tables Product 1,West,2,85.2,0.0,170.4,14.98
ORD00326,2025-06-02,CUST0308,Electronics,Phones,Phones Product 8,South,2,62.6,0.0,125.2,19.5
ORD00327,2025-02-02,CUST0479,Furniture,Chairs,Chairs Product 8,South,2,77.6,0.0,155.2,35.9
ORD00328,2025-01-25,CUST0612,Accessories,Bags,Bags Product 6,West,3,44.51,0.0,133.53,31.35
ORD00329,2025-06-08,CUST0055,Furniture,Desks,Desks Product 8,South,1,64.17,0.15,54.54,5.68
ORD00330,2025-02-18,CUST0028,Electronics,Headphones,Headphones Product 6,West,5,71.3,0.0,356.5,75.31
ORD00331,2025-08-08,CUST0783,Office Supplies,Storage,Storage Product 4,West,5,30.55,0.0,152.75,20.65
ORD00332,2025-01-18,CUST0703,Electronics,Phones,Phones Product 2,South,3,68.65,0.0,205.95,33.99
ORD00333,2025-06-05,CUST0374,Accessories,Keyboards,Keyboards Product 3,South,5,86.56,0.05,411.16,62.11
ORD00334,2025-06-26,CUST0659,Office Supplies,Paper,Paper Product 8,South,1,253.22,0.05,240.56,36.13
ORD00335,2025-10-14,CUST0741,Office Supplies,Storage,Storage Product 5,East,1,74.49,0.15,63.32,4.49
ORD00336,2025-12-10,CUST0093,Electronics,Laptops,Laptops Product 3,East,5,136.79,0.0,683.95,181.88
ORD00337,2025-01-22,CUST0407,Furniture,Desks,Desks Product 5,South,2,32.7,0.15,55.59,3.11
ORD00338,2025-04-05,CUST0149,Furniture,Chairs,Chairs Product 3,South,4,34.8,0.2,111.36,23.27
ORD00339,2025-09-20,CUST0577,Electronics,Phones,Phones Product 8,West,2,37.21,0.0,74.42,7.5
ORD00340,2025-11-24,CUST0092,Furniture,Chairs,Chairs Product 5,West,5,91.08,0.2,364.32,17.32
ORD00341,2025-04-25,CUST0246,Office Supplies,Storage,Storage Product 2,East,2,34.71,0.05,65.95,9.94
ORD00342,2025-02-12,CUST0523,Accessories,Keyboards,Keyboards Product 1,South,2,82.49,0.0,164.98,14.48
ORD00343,2025-02-04,CUST0391,Office Supplies,Binders,Binders Product 2,West,3,31.45,0.1,84.91,19.55
ORD00344,2025-06-21,CUST0295,Furniture,Desks,Desks Product 5,South,2,86.21,0.0,172.42,15.88
ORD00345,2025-03-13,CUST0196,Office Supplies,Binders,Binders Product 3,East,1,53.67,0.1,48.3,6.41
ORD00346,2025-04-20,CUST0418,Office Supplies,Storage,Storage Product 1,West,4,64.01,0.05,243.24,63.42
ORD00347,2025-01-22,CUST0640,Accessories,Keyboards,Keyboards Product 4,North,2,45.5,0.1,81.9,20.67
ORD00348,2025-01-30,CUST0579,Electronics,Phones,Phones Product 7,West,3,60.89,0.1,164.4,25.73
ORD00349,2025-08-12,CUST0036,Office Supplies,Binders,Binders Product 1,North,5,63.81,0.15,271.19,58.66
ORD00350,2025-01-08,CUST0151,Office Supplies,Storage,Storage Product 8,South,2,249.84,0.1,449.71,62.53
ORD00351,2025-03-16,CUST0067,Office Supplies,Storage,Storage Product 2,South,2,30.61,0.15,52.04,10.17
ORD00352,2025-08-10,CUST0240,Furniture,Chairs,Chairs Product 6,North,5,35.73,0.1,160.78,18.74
ORD00353,2025-01-16,CUST0251,Electronics,Headphones,Headphones Product 7,North,4,58.23,0.1,209.63,51.31
ORD00354,2025-07-24,CUST0345,Furniture,Chairs,Chairs Product 3,East,3,118.15,0.0,354.45,65.34
ORD00355,2025-12-30,CUST0609,Office Supplies,Storage,Storage Product 3,North,4,36.23,0.0,144.92,16.83
ORD00356,2025-11-04,CUST0027,Furniture,Chairs,Chairs Product 8,North,1,52.5,0.05,49.88,12.54
ORD00357,2025-01-30,CUST0098,Electronics,Phones,Phones Product 2,North,4,65.53,0.2,209.7,15.05
ORD00358,2025-04-23,CUST0111,Office Supplies,Binders,Binders Product 6,South,3,134.68,0.0,404.04,99.13
ORD00359,2025-11-13,CUST0260,Electronics,Headphones,Headphones Product 2,East,2,265.16,0.05,503.8,40.97
ORD00360,2025-12-28,CUST0690,Electronics,Phones,Phones Product 6,West,4,45.73,0.1,164.63,11.24
ORD00361,2025-01-09,CUST0376,Electronics,Laptops,Laptops Product 5,West,2,43.88,0.15,74.6,6.67
ORD00362,2025-05-27,CUST0120,Furniture,Chairs,Chairs Product 5,West,4,212.3,0.05,806.74,214.04
ORD00363,2025-06-24,CUST0610,Accessories,Bags,Bags Product 3,West,2,62.57,0.1,112.63,21.63
ORD00364,2025-09-12,CUST0245,Furniture,Chairs,Chairs Product 7,South,2,50.61,0.05,96.16,12.78
ORD00365,2025-02-24,CUST0362,Accessories,Cables,Cables Product 6,West,1,14.26,0.1,12.83,1.05
ORD00366,2025-04-18,CUST0610,Accessories,Bags,Bags Product 2,West,2,71.49,0.0,142.98,12.79
ORD00367,2025-10-01,CUST0675,Furniture,Chairs,Chairs Product 3,East,2,104.43,0.05,198.42,43.4
ORD00368,2025-07-03,CUST0100,Electronics,Laptops,Laptops Product 4,East,3,32.12,0.0,96.36,11.36
ORD00369,2025-10-17,CUST0163,Office Supplies,Binders,Binders Product 2,East,2,58.9,0.15,100.13,20.39
ORD00370,2025-11-28,CUST0779,Office Supplies,Storage,Storage Product 4,South,2,132.43,0.2,211.89,35.25
ORD00371,2025-06-27,CUST0110,Electronics,Phones,Phones Product 1,West,5,157.92,0.0,789.6,146.49
ORD00372,2025-02-25,CUST0720,Accessories,Keyboards,Keyboards Product 8,East,1,51.68,0.1,46.51,3.46
ORD00373,2025-09-10,CUST0713,Electronics,Laptops,Laptops Product 6,West,1,62.04,0.1,55.84,12.32
ORD00374,2025-03-11,CUST0531,Office Supplies,Binders,Binders Product 4,South,2,94.13,0.2,150.61,22.22
ORD00375,2025-12-31,CUST0270,Office Supplies,Storage,Storage Product 4,West,2,95.48,0.0,190.96,35.88
ORD00376,2025-05-07,CUST0526,Office Supplies,Paper,Paper Product 5,East,1,53.56,0.05,50.88,9.39
ORD00377,2025-10-16,CUST0675,Electronics,Phones,Phones Product 5,West,2,34.37,0.0,68.74,9.25
ORD00378,2025-01-06,CUST0587,Accessories,Cables,Cables Product 8,West,4,33.59,0.05,127.64,14.28
ORD00379,2025-08-04,CUST0029,Furniture,Tables,Tables Product 6,South,5,40.01,0.05,190.05,45.67
ORD00380,2025-02-28,CUST0299,Office Supplies,Paper,Paper Product 8,West,2,45.46,0.0,90.92,10.78
ORD00381,2025-03-27,CUST0684,Furniture,Tables,Tables Product 4,West,5,22.43,0.0,112.15,27.27
ORD00382,2025-12-19,CUST0738,Accessories,Keyboards,Keyboards Product 8,West,5,31.85,0.05,151.29,11.75
ORD00383,2025-07-21,CUST0159,Office Supplies,Binders,Binders Product 1,East,5,97.59,0.15,414.76,58.99
ORD00384,2025-08-07,CUST0752,Office Supplies,Storage,Storage Product 6,West,5,102.76,0.0,513.8,46.58
ORD00385,2025-08-23,CUST0204,Electronics,Phones,Phones Product 1,East,4,115.28,0.05,438.06,40.03
ORD00386,2025-12-30,CUST0172,Electronics,Laptops,Laptops Product 3,North,5,54.57,0.0,272.85,51.77
ORD00387,2025-05-15,CUST0770,Furniture,Tables,Tables Product 8,North,5,60.98,0.15,259.16,18.84
ORD00388,2025-07-07,CUST0552,Accessories,Keyboards,Keyboards Product 5,North,5,61.79,0.1,278.06,50.84
ORD00389,2025-08-02,CUST0645,Electronics,Headphones,Headphones Product 5,South,5,69.5,0.0,347.5,28.66
ORD00390,2025-11-20,CUST0300,Office Supplies,Paper,Paper Product 1,West,3,147.75,0.0,443.25,82.23
ORD00391,2025-04-27,CUST0088,Furniture,Chairs,Chairs Product 6,West,4,36.77,0.05,139.73,23.38
ORD00392,2025-04-04,CUST0371,Accessories,Bags,Bags Product 7,North,2,134.39,0.0,268.78,35.61
ORD00393,2025-09-05,CUST0259,Accessories,Cables,Cables Product 4,South,4,162.24,0.05,616.51,116.08
ORD00394,2025-08-29,CUST0446,Electronics,Headphones,Headphones Product 6,West,1,69.44,0.2,55.55,1.84
ORD00395,2025-07-18,CUST0743,Furniture,Desks,Desks Product 1,North,2,19.84,0.1,35.71,8.1
ORD00396,2025-05-09,CUST0004,Accessories,Cables,Cables Product 5,South,1,18.72,0.0,18.72,2.23
ORD00397,2025-03-02,CUST0510,Accessories,Cables,Cables Product 8,West,2,127.28,0.05,241.83,53.45
ORD00398,2025-05-16,CUST0326,Office Supplies,Storage,Storage Product 8,West,1,34.28,0.15,29.14,1.76
ORD00399,2025-05-31,CUST0392,Office Supplies,Storage,Storage Product 1,North,3,48.99,0.05,139.62,30.46
ORD00400,2025-04-21,CUST0709,Electronics,Phones,Phones Product 8,West,4,19.54,0.1,70.34,8.81
ORD00401,2025-10-10,CUST0301,Office Supplies,Binders,Binders Product 7,East,2,47.13,0.05,89.55,9.58
ORD00402,2025-08-02,CUST0745,Accessories,Keyboards,Keyboards Product 8,East,5,62.17,0.2,248.68,18.82
ORD00403,2025-07-24,CUST0794,Electronics,Phones,Phones Product 1,East,4,18.61,0.0,74.44,9.55
ORD00404,2025-03-30,CUST0372,Furniture,Desks,Desks Product 5,North,5,57.54,0.05,273.31,41.88
ORD00405,2025-03-14,CUST0230,Electronics,Headphones,Headphones Product 7,South,2,113.2,0.1,203.76,34.63
ORD00406,2025-03-04,CUST0677,Furniture,Desks,Desks Product 1,West,5,150.9,0.15,641.32,112.5
ORD00407,2025-10-25,CUST0167,Electronics,Phones,Phones Product 4,South,2,21.21,0.05,40.3,10.19
ORD00408,2025-11-30,CUST0315,Office Supplies,Binders,Binders Product 5,North,1,42.37,0.15,36.01,4.39
ORD00409,2025-10-22,CUST0312,Electronics,Phones,Phones Product 4,South,3,53.11,0.0,159.33,31.06
ORD00410,2025-03-24,CUST0401,Office Supplies,Binders,Binders Product 1,South,3,46.76,0.05,133.27,24.51
ORD00411,2025-09-30,CUST0219,Accessories,Keyboards,Keyboards Product 2,North,4,38.67,0.15,131.48,28.04
ORD00412,2025-03-04,CUST0204,Office Supplies,Binders,Binders Product 4,East,2,145.4,0.0,290.8,62.31
ORD00413,2025-05-20,CUST0144,Electronics,Headphones,Headphones Product 2,West,2,60.55,0.2,96.88,19.86
ORD00414,2025-09-03,CUST0426,Accessories,Cables,Cables Product 1,South,1,52.51,0.15,44.63,8.05
ORD00415,2025-09-16,CUST0282,Office Supplies,Storage,Storage Product 2,East,3,154.56,0.15,394.13,34.88
ORD00416,2025-01-11,CUST0688,Office Supplies,Storage,Storage Product 8,North,5,30.35,0.0,151.75,16.37
ORD00417,2025-12-28,CUST0738,Furniture,Tables,Tables Product 7,South,3,71.83,0.05,204.72,34.79
ORD00418,2025-04-23,CUST0110,Furniture,Desks,Desks Product 2,South,3,48.14,0.1,129.98,27.55
ORD00419,2025-01-01,CUST0442,Office Supplies,Storage,Storage Product 3,East,5,39.4,0.05,187.15,25.14
ORD00420,2025-12-28,CUST0075,Furniture,Desks,Desks Product 3,West,1,76.52,0.1,68.87,11.71
ORD00421,2025-10-07,CUST0619,Office Supplies,Paper,Paper Product 2,West,2,115.26,0.15,195.94,16.41
ORD00422,2025-02-09,CUST0065,Furniture,Desks,Desks Product 5,West,1,139.27,0.1,125.34,27.89
ORD00423,2025-11-14,CUST0350,Furniture,Desks,Desks Product 6,West,5,112.2,0.1,504.9,80.79
ORD00424,2025-07-04,CUST0356,Accessories,Cables,Cables Product 1,East,1,29.29,0.0,29.29,7.88
ORD00425,2025-12-28,CUST0124,Electronics,Headphones,Headphones Product 1,North,5,73.44,0.15,312.12,68.66
ORD00426,2025-07-12,CUST0109,Accessories,Cables,Cables Product 4,North,2,55.04,0.05,104.58,12.49
ORD00427,2025-08-21,CUST0191,Accessories,Bags,Bags Product 6,East,1,139.55,0.0,139.55,30.47
ORD00428,2025-06-17,CUST0592,Office Supplies,Binders,Binders Product 2,West,5,54.04,0.15,229.67,13.21
ORD00429,2025-07-31,CUST0602,Accessories,Keyboards,Keyboards Product 7,South,1,59.34,0.0,59.34,12.81
ORD00430,2025-04-12,CUST0196,Accessories,Bags,Bags Product 6,South,3,34.66,0.05,98.78,9.02
ORD00431,2025-03-09,CUST0167,Office Supplies,Storage,Storage Product 6,South,4,44.46,0.0,177.84,45.29
ORD00432,2025-04-03,CUST0348,Electronics,Phones,Phones Product 1,West,1,21.06,0.0,21.06,4.2
ORD00433,2025-09-05,CUST0743,Accessories,Bags,Bags Product 6,North,4,106.36,0.2,340.35,76.97
ORD00434,2025-11-11,CUST0361,Furniture,Chairs,Chairs Product 5,South,2,38.43,0.1,69.17,6.88
ORD00435,2025-09-07,CUST0418,Electronics,Headphones,Headphones Product 3,East,4,51.48,0.1,185.33,20.22
ORD00436,2025-10-04,CUST0168,Electronics,Laptops,Laptops Product 3,East,4,81.66,0.05,310.31,36.17
ORD00437,2025-01-24,CUST0222,Accessories,Bags,Bags Product 4,South,3,64.16,0.0,192.48,30.04
ORD00438,2025-12-16,CUST0345,Accessories,Cables,Cables Product 2,East,2,56.23,0.2,89.97,14.59
ORD00439,2025-06-01,CUST0332,Electronics,Phones,Phones Product 4,West,5,51.04,0.0,255.2,25.74
ORD00440,2025-10-01,CUST0497,Electronics,Headphones,Headphones Product 8,South,3,31.87,0.2,76.49,2.85
ORD00441,2025-04-02,CUST0116,Electronics,Laptops,Laptops Product 4,South,3,41.66,0.0,124.98,16.86
ORD00442,2025-04-23,CUST0263,Office Supplies,Binders,Binders Product 4,East,1,42.61,0.0,42.61,8.09
ORD00443,2025-01-09,CUST0155,Furniture,Chairs,Chairs Product 2,West,3,93.63,0.0,280.89,29.6
ORD00444,2025-05-24,CUST0779,Accessories,Cables,Cables Product 4,North,4,20.45,0.2,65.44,3.12
ORD00445,2025-06-03,CUST0342,Accessories,Cables,Cables Product 8,South,3,56.27,0.2,135.05,8.08
ORD00446,2025-05-24,CUST0454,Furniture,Desks,Desks Product 5,East,4,123.03,0.0,492.12,130.2
ORD00447,2025-07-14,CUST0658,Accessories,Bags,Bags Product 2,South,3,100.59,0.05,286.68,28.24
ORD00448,2025-11-15,CUST0129,Accessories,Keyboards,Keyboards Product 1,East,1,35.37,0.2,28.3,0.89
ORD00449,2025-08-04,CUST0274,Office Supplies,Paper,Paper Product 6,East,1,91.05,0.05,86.5,12.16
ORD00450,2025-10-15,CUST0377,Office Supplies,Binders,Binders Product 6,South,2,163.05,0.15,277.19,48.75
ORD00451,2025-03-31,CUST0105,Office Supplies,Paper,Paper Product 7,West,5,65.11,0.2,260.44,19.4
ORD00452,2025-01-08,CUST0766,Electronics,Phones,Phones Product 6,West,2,73.6,0.0,147.2,35.28
ORD00453,2025-10-11,CUST0157,Accessories,Bags,Bags Product 3,East,1,66.16,0.15,56.24,8.21
ORD00454,2025-09-29,CUST0474,Electronics,Phones,Phones Product 1,South,1,39.21,0.2,31.37,1.57
ORD00455,2025-04-27,CUST0205,Accessories,Cables,Cables Product 4,North,2,41.92,0.05,79.65,8.3
ORD00456,2025-03-12,CUST0523,Office Supplies,Paper,Paper Product 6,East,1,126.81,0.05,120.47,27.88
ORD00457,2025-11-16,CUST0574,Electronics,Headphones,Headphones Product 5,North,4,14.11,0.0,56.44,5.64
ORD00458,2025-03-17,CUST0488,Electronics,Headphones,Headphones Product 5,West,2,109.17,0.05,207.42,20.65
ORD00459,2025-04-23,CUST0659,Accessories,Keyboards,Keyboards Product 6,North,1,101.54,0.05,96.46,15.63
ORD00460,2025-06-20,CUST0196,Electronics,Headphones,Headphones Product 3,East,5,129.78,0.15,551.56,88.98
ORD00461,2025-10-10,CUST0606,Electronics,Laptops,Laptops Product 7,South,2,37.04,0.0,74.08,7.1
ORD00462,2025-11-16,CUST0567,Furniture,Chairs,Chairs Product 7,West,5,69.94,0.1,314.73,34.85
ORD00463,2025-04-30,CUST0091,Electronics,Laptops,Laptops Product 5,North,3,49.83,0.1,134.54,20.16
ORD00464,2025-08-22,CUST0303,Furniture,Tables,Tables Product 4,West,1,68.02,0.15,57.82,9.42
ORD00465,2025-04-03,CUST0574,Furniture,Chairs,Chairs Product 5,West,2,21.33,0.2,34.13,5.84
ORD00466,2025-09-03,CUST0612,Electronics,Laptops,Laptops Product 4,South,1,58.29,0.0,58.29,15.44
ORD00467,2025-12-23,CUST0631,Furniture,Desks,Desks Product 2,North,2,36.24,0.1,65.23,15.57
ORD00468,2025-11-12,CUST0396,Accessories,Cables,Cables Product 4,East,1,53.14,0.15,45.17,7.47
ORD00469,2025-03-20,CUST0111,Electronics,Laptops,Laptops Product 2,North,5,69.71,0.05,331.12,51.62
ORD00470,2025-02-22,CUST0585,Accessories,Bags,Bags Product 1,South,2,44.01,0.05,83.62,8.69
ORD00471,2025-12-18,CUST0010,Furniture,Chairs,Chairs Product 8,East,3,94.35,0.1,254.74,58.29
ORD00472,2025-03-24,CUST0092,Furniture,Chairs,Chairs Product 2,East,4,120.21,0.0,480.84,59.81
ORD00473,2025-10-05,CUST0596,Furniture,Desks,Desks Product 5,West,5,114.63,0.0,573.15,97.85
ORD00474,2025-02-17,CUST0372,Accessories,Cables,Cables Product 8,North,5,42.72,0.15,181.56,42.74
ORD00475,2025-05-23,CUST0044,Furniture,Chairs,Chairs Product 8,East,2,60.86,0.2,97.38,6.73
ORD00476,2025-06-10,CUST0150,Accessories,Bags,Bags Product 1,West,4,87.51,0.0,350.04,73.26
ORD00477,2025-04-04,CUST0380,Furniture,Chairs,Chairs Product 6,North,4,35.07,0.1,126.25,18.34
ORD00478,2025-12-02,CUST0266,Electronics,Headphones,Headphones Product 7,South,4,68.76,0.0,275.04,30.92
ORD00479,2025-03-11,CUST0499,Accessories,Cables,Cables Product 6,East,1,32.88,0.05,31.24,2.91
ORD00480,2025-04-11,CUST0577,Accessories,Bags,Bags Product 5,West,3,44.33,0.0,132.99,11.78
ORD00481,2025-01-21,CUST0476,Office Supplies,Storage,Storage Product 2,South,3,49.97,0.0,149.91,21.09
ORD00482,2025-01-25,CUST0569,Accessories,Bags,Bags Product 2,West,1,105.47,0.1,94.92,19.18
ORD00483,2025-01-01,CUST0317,Furniture,Chairs,Chairs Product 2,South,2,19.66,0.0,39.32,4.12
ORD00484,2025-10-11,CUST0785,Furniture,Chairs,Chairs Product 1,West,1,42.97,0.15,36.52,3.83
ORD00485,2025-09-18,CUST0054,Accessories,Bags,Bags Product 2,East,1,134.94,0.1,121.45,9.02
ORD00486,2025-07-24,CUST0787,Electronics,Headphones,Headphones Product 4,East,4,143.1,0.1,515.16,101.56
ORD00487,2025-11-13,CUST0500,Furniture,Chairs,Chairs Product 8,West,1,119.61,0.0,119.61,21.7
ORD00488,2025-12-09,CUST0581,Furniture,Desks,Desks Product 2,West,3,35.57,0.0,106.71,10.26
ORD00489,2025-04-16,CUST0389,Electronics,Laptops,Laptops Product 6,North,3,39.12,0.0,117.36,22.38
ORD00490,2025-07-27,CUST0745,Office Supplies,Storage,Storage Product 5,West,2,94.35,0.0,188.7,20.92
ORD00491,2025-12-01,CUST0069,Furniture,Desks,Desks Product 1,North,5,76.73,0.2,306.92,34.79
ORD00492,2025-12-21,CUST0632,Electronics,Laptops,Laptops Product 8,East,1,29.04,0.0,29.04,6.4
ORD00493,2025-09-30,CUST0060,Office Supplies,Paper,Paper Product 3,West,5,36.05,0.0,180.25,24.54
ORD00494,2025-10-15,CUST0646,Furniture,Tables,Tables Product 8,East,5,56.03,0.1,252.13,20.88
ORD00495,2025-08-25,CUST0106,Furniture,Chairs,Chairs Product 5,South,2,40.64,0.05,77.22,6.94
ORD00496,2025-03-30,CUST0284,Electronics,Phones,Phones Product 6,South,1,58.35,0.2,46.68,4.06
ORD00497,2025-07-25,CUST0705,Office Supplies,Storage,Storage Product 5,South,5,40.34,0.0,201.7,20.77
ORD00498,2025-07-06,CUST0442,Furniture,Chairs,Chairs Product 4,South,5,61.9,0.05,294.02,76.97
ORD00499,2025-01-14,CUST0219,Accessories,Cables,Cables Product 5,North,4,31.77,0.0,127.08,18.01
ORD00500,2025-11-03,CUST0271,Electronics,Laptops,Laptops Product 1,North,1,31.89,0.0,31.89,5.59
ORD00501,2025-10-06,CUST0250,Furniture,Chairs,Chairs Product 5,North,5,28.01,0.0,140.05,38.08
ORD00502,2025-06-01,CUST0427,Office Supplies,Storage,Storage Product 2,South,4,45.98,0.15,156.33,21.76
ORD00503,2025-08-31,CUST0128,Accessories,Bags,Bags Product 2,West,4,82.42,0.0,329.68,32.59
ORD00504,2025-06-19,CUST0282,Office Supplies,Paper,Paper Product 5,East,4,95.36,0.0,381.44,63.58
ORD00505,2025-06-29,CUST0765,Office Supplies,Binders,Binders Product 4,West,3,115.72,0.2,277.73,50.34
ORD00506,2025-11-14,CUST0799,Furniture,Chairs,Chairs Product 1,East,1,41.07,0.0,41.07,5.39
ORD00507,2025-01-23,CUST0093,Furniture,Chairs,Chairs Product 8,West,5,45.07,0.05,214.08,17.51
ORD00508,2025-03-12,CUST0590,Accessories,Cables,Cables Product 7,North,3,123.13,0.0,369.39,34.28
ORD00509,2025-04-24,CUST0114,Electronics,Laptops,Laptops Product 7,East,4,71.37,0.05,271.21,56.69
ORD00510,2025-07-31,CUST0179,Office Supplies,Paper,Paper Product 1,West,5,68.09,0.15,289.38,41.61
ORD00511,2025-01-10,CUST0267,Furniture,Chairs,Chairs Product 5,East,4,39.61,0.0,158.44,23.81
ORD00512,2025-05-17,CUST0126,Accessories,Keyboards,Keyboards Product 2,North,2,74.8,0.0,149.6,36.56
ORD00513,2025-09-03,CUST0264,Office Supplies,Binders,Binders Product 4,West,3,35.44,0.05,101.0,22.45
ORD00514,2025-04-20,CUST0285,Electronics,Phones,Phones Product 5,East,1,28.91,0.0,28.91,5.18
ORD00515,2025-09-05,CUST0220,Accessories,Cables,Cables Product 5,West,3,42.01,0.0,126.03,18.81
ORD00516,2025-05-26,CUST0108,Office Supplies,Paper,Paper Product 3,South,2,46.34,0.1,83.41,15.39
ORD00517,2025-01-14,CUST0580,Electronics,Headphones,Headphones Product 4,East,3,90.31,0.0,270.93,49.16
ORD00518,2025-02-20,CUST0693,Electronics,Phones,Phones Product 4,West,5,230.48,0.2,921.92,80.53
ORD00519,2025-03-15,CUST0418,Office Supplies,Binders,Binders Product 4,North,3,31.32,0.05,89.26,22.89
ORD00520,2025-04-01,CUST0592,Furniture,Desks,Desks Product 7,West,1,122.35,0.2,97.88,3.49
ORD00521,2025-02-10,CUST0422,Accessories,Bags,Bags Product 7,South,4,49.23,0.1,177.23,12.19
ORD00522,2025-05-15,CUST0202,Office Supplies,Binders,Binders Product 8,East,5,62.91,0.15,267.37,38.95
ORD00523,2025-08-29,CUST0379,Office Supplies,Paper,Paper Product 3,East,4,62.59,0.05,237.84,18.64
ORD00524,2025-04-14,CUST0688,Electronics,Phones,Phones Product 4,South,4,48.12,0.0,192.48,48.13
ORD00525,2025-05-27,CUST0698,Furniture,Tables,Tables Product 8,East,1,67.72,0.05,64.33,5.45
ORD00526,2025-06-13,CUST0199,Accessories,Cables,Cables Product 6,North,5,35.74,0.05,169.77,44.89
ORD00527,2025-05-01,CUST0253,Electronics,Phones,Phones Product 3,West,5,67.2,0.0,336.0,66.95
ORD00528,2025-01-08,CUST0543,Electronics,Laptops,Laptops Product 6,West,1,26.23,0.15,22.3,2.45
ORD00529,2025-10-27,CUST0025,Furniture,Chairs,Chairs Product 1,North,5,23.1,0.05,109.72,7.43
ORD00530,2025-01-29,CUST0633,Accessories,Cables,Cables Product 3,South,4,32.22,0.15,109.55,5.1
ORD00531,2025-01-03,CUST0057,Furniture,Desks,Desks Product 5,South,2,79.6,0.1,143.28,30.61
ORD00532,2025-10-17,CUST0442,Furniture,Tables,Tables Product 4,South,2,19.64,0.05,37.32,5.86
ORD00533,2025-06-07,CUST0235,Furniture,Tables,Tables Product 5,South,4,18.03,0.15,61.3,14.03
ORD00534,2025-03-14,CUST0600,Furniture,Tables,Tables Product 2,East,4,22.53,0.05,85.61,17.76
ORD00535,2025-03-18,CUST0295,Furniture,Desks,Desks Product 2,East,4,58.78,0.15,199.85,32.88
ORD00536,2025-11-25,CUST0331,Accessories,Bags,Bags Product 8,East,4,62.97,0.0,251.88,63.18
ORD00537,2025-08-24,CUST0344,Furniture,Chairs,Chairs Product 7,East,4,120.52,0.05,457.98,76.4
ORD00538,2025-03-31,CUST0777,Office Supplies,Binders,Binders Product 4,West,2,204.41,0.1,367.94,92.94
ORD00539,2025-08-11,CUST0422,Accessories,Keyboards,Keyboards Product 5,East,5,84.95,0.05,403.51,89.0
ORD00540,2025-09-05,CUST0087,Accessories,Keyboards,Keyboards Product 8,North,1,62.19,0.05,59.08,9.1
ORD00541,2025-06-26,CUST0003,Furniture,Desks,Desks Product 2,East,5,42.53,0.0,212.65,37.15
ORD00542,2025-03-26,CUST0243,Office Supplies,Paper,Paper Product 3,West,4,156.05,0.05,592.99,58.34
ORD00543,2025-11-20,CUST0338,Office Supplies,Binders,Binders Product 4,West,3,24.09,0.0,72.27,12.59
ORD00544,2025-04-13,CUST0275,Accessories,Bags,Bags Product 2,East,1,17.59,0.15,14.95,2.29
ORD00545,2025-10-19,CUST0343,Furniture,Chairs,Chairs Product 5,East,1,25.77,0.2,20.62,3.19
ORD00546,2025-04-28,CUST0649,Office Supplies,Binders,Binders Product 7,West,3,43.63,0.0,130.89,35.95
ORD00547,2025-11-02,CUST0187,Electronics,Phones,Phones Product 3,West,3,71.71,0.1,193.62,16.09
ORD00548,2025-09-23,CUST0596,Furniture,Chairs,Chairs Product 2,North,2,70.59,0.15,120.0,11.26
ORD00549,2025-10-17,CUST0719,Electronics,Headphones,Headphones Product 7,West,4,51.51,0.1,185.44,44.14
ORD00550,2025-01-23,CUST0263,Furniture,Chairs,Chairs Product 2,West,3,53.63,0.0,160.89,38.74
ORD00551,2025-01-17,CUST0249,Furniture,Chairs,Chairs Product 8,North,2,121.42,0.15,206.41,45.22
ORD00552,2025-06-10,CUST0748,Furniture,Desks,Desks Product 7,North,2,58.03,0.05,110.26,12.29
ORD00553,2025-03-31,CUST0320,Office Supplies,Paper,Paper Product 3,East,2,33.17,0.0,66.34,14.01
ORD00554,2025-05-09,CUST0128,Office Supplies,Paper,Paper Product 7,South,5,166.46,0.1,749.07,95.96
ORD00555,2025-08-15,CUST0322,Furniture,Desks,Desks Product 6,South,3,48.54,0.05,138.34,32.45
ORD00556,2025-03-16,CUST0086,Office Supplies,Storage,Storage Product 7,West,5,78.49,0.1,353.2,32.83
ORD00557,2025-06-01,CUST0059,Office Supplies,Binders,Binders Product 2,South,4,37.24,0.0,148.96,36.41
ORD00558,2025-08-29,CUST0141,Accessories,Cables,Cables Product 4,North,3,52.59,0.0,157.77,38.36
ORD00559,2025-05-08,CUST0610,Office Supplies,Storage,Storage Product 3,West,2,54.03,0.0,108.06,27.21
ORD00560,2025-07-03,CUST0127,Electronics,Headphones,Headphones Product 8,South,2,104.91,0.0,209.82,20.27
ORD00561,2025-01-21,CUST0197,Office Supplies,Storage,Storage Product 6,South,3,17.57,0.15,44.8,9.88
ORD00562,2025-02-09,CUST0461,Electronics,Laptops,Laptops Product 8,South,3,229.4,0.0,688.2,107.36
ORD00563,2025-04-19,CUST0299,Accessories,Cables,Cables Product 3,West,4,35.88,0.15,121.99,26.61
ORD00564,2025-12-28,CUST0341,Office Supplies,Paper,Paper Product 6,South,2,47.24,0.1,85.03,7.58
ORD00565,2025-02-04,CUST0280,Electronics,Laptops,Laptops Product 4,East,4,290.49,0.2,929.57,142.25
ORD00566,2025-12-28,CUST0339,Electronics,Laptops,Laptops Product 3,South,4,156.69,0.05,595.42,129.74
ORD00567,2025-01-10,CUST0431,Office Supplies,Paper,Paper Product 1,North,3,18.1,0.05,51.59,10.54
ORD00568,2025-09-19,CUST0694,Electronics,Phones,Phones Product 2,West,2,74.69,0.05,141.91,30.42
ORD00569,2025-10-03,CUST0328,Accessories,Keyboards,Keyboards Product 7,West,3,33.05,0.15,84.28,15.89
ORD00570,2025-02-24,CUST0345,Accessories,Cables,Cables Product 6,West,3,55.55,0.05,158.32,37.63
ORD00571,2025-12-18,CUST0435,Accessories,Keyboards,Keyboards Product 8,North,5,21.95,0.1,98.78,20.39
ORD00572,2025-03-22,CUST0204,Accessories,Cables,Cables Product 4,East,3,152.17,0.0,456.51,125.54
ORD00573,2025-06-11,CUST0643,Accessories,Keyboards,Keyboards Product 5,North,4,96.29,0.0,385.16,96.79
ORD00574,2025-07-31,CUST0161,Electronics,Laptops,Laptops Product 7,North,4,60.51,0.15,205.73,21.48
ORD00575,2025-06-14,CUST0385,Office Supplies,Binders,Binders Product 3,South,4,60.72,0.05,230.74,31.44
ORD00576,2025-05-28,CUST0071,Furniture,Chairs,Chairs Product 3,North,5,87.24,0.2,348.96,33.29
ORD00577,2025-10-16,CUST0234,Accessories,Bags,Bags Product 6,East,3,63.55,0.0,190.65,40.5
ORD00578,2025-05-10,CUST0393,Accessories,Cables,Cables Product 4,East,5,71.81,0.15,305.19,61.34
ORD00579,2025-10-04,CUST0224,Office Supplies,Paper,Paper Product 8,South,5,17.11,0.0,85.55,21.15
ORD00580,2025-12-05,CUST0279,Electronics,Phones,Phones Product 5,East,3,30.26,0.2,72.62,4.04
ORD00581,2025-04-29,CUST0096,Electronics,Laptops,Laptops Product 6,East,4,51.89,0.0,207.56,39.95
ORD00582,2025-04-10,CUST0166,Office Supplies,Binders,Binders Product 1,South,4,93.16,0.0,372.64,30.97
ORD00583,2025-01-08,CUST0493,Office Supplies,Paper,Paper Product 8,South,2,81.12,0.1,146.02,26.42
ORD00584,2025-09-20,CUST0345,Accessories,Keyboards,Keyboards Product 3,South,3,56.51,0.05,161.05,12.86
ORD00585,2025-04-13,CUST0334,Accessories,Cables,Cables Product 6,North,1,95.19,0.15,80.91,15.88
ORD00586,2025-02-17,CUST0262,Office Supplies,Binders,Binders Product 7,West,1,164.66,0.05,156.43,19.03
ORD00587,2025-06-23,CUST0229,Office Supplies,Binders,Binders Product 3,North,4,372.34,0.05,1414.89,228.56
ORD00588,2025-05-11,CUST0546,Furniture,Desks,Desks Product 7,East,4,50.23,0.15,170.78,16.92
ORD00589,2025-08-10,CUST0412,Office Supplies,Binders,Binders Product 2,North,1,54.92,0.1,49.43,9.69
ORD00590,2025-06-11,CUST0483,Furniture,Tables,Tables Product 3,North,3,73.48,0.0,220.44,34.87
ORD00591,2025-06-09,CUST0648,Furniture,Desks,Desks Product 1,West,1,98.28,0.0,98.28,17.1
ORD00592,2025-01-02,CUST0206,Office Supplies,Paper,Paper Product 2,East,2,32.83,0.0,65.66,12.66
ORD00593,2025-05-16,CUST0465,Office Supplies,Binders,Binders Product 8,East,1,32.64,0.0,32.64,3.39
ORD00594,2025-05-11,CUST0574,Furniture,Chairs,Chairs Product 5,West,1,192.06,0.0,192.06,31.44
ORD00595,2025-06-19,CUST0664,Furniture,Desks,Desks Product 8,South,5,53.98,0.2,215.92,43.16
ORD00596,2025-11-03,CUST0739,Furniture,Tables,Tables Product 8,East,1,37.09,0.05,35.24,6.07
ORD00597,2025-05-27,CUST0588,Office Supplies,Paper,Paper Product 7,West,1,56.58,0.0,56.58,6.15
ORD00598,2025-07-12,CUST0438,Office Supplies,Paper,Paper Product 6,West,3,127.32,0.15,324.67,71.02
ORD00599,2025-06-23,CUST0143,Electronics,Phones,Phones Product 3,South,1,134.4,0.0,134.4,21.39
ORD00600,2025-11-12,CUST0693,Office Supplies,Storage,Storage Product 2,South,3,70.12,0.05,199.84,22.2
ORD00601,2025-03-17,CUST0080,Furniture,Desks,Desks Product 2,North,1,152.97,0.05,145.32,33.89
ORD00602,2025-08-10,CUST0398,Accessories,Cables,Cables Product 1,South,3,24.56,0.05,70.0,5.23
ORD00603,2025-08-25,CUST0741,Furniture,Tables,Tables Product 2,West,2,358.05,0.0,716.1,67.75
ORD00604,2025-09-29,CUST0073,Electronics,Laptops,Laptops Product 7,West,4,48.11,0.15,163.57,13.81
ORD00605,2025-06-05,CUST0090,Accessories,Bags,Bags Product 1,North,1,27.4,0.2,21.92,3.79
ORD00606,2025-05-04,CUST0253,Office Supplies,Paper,Paper Product 5,North,5,79.15,0.0,395.75,63.0
ORD00607,2025-04-10,CUST0531,Electronics,Headphones,Headphones Product 2,North,5,27.45,0.0,137.25,24.65
ORD00608,2025-09-19,CUST0158,Furniture,Chairs,Chairs Product 5,North,1,25.89,0.0,25.89,4.77
ORD00609,2025-01-20,CUST0298,Office Supplies,Paper,Paper Product 1,East,5,62.58,0.05,297.25,58.82
ORD00610,2025-06-08,CUST0176,Furniture,Chairs,Chairs Product 2,South,3,24.08,0.0,72.24,6.82
ORD00611,2025-12-30,CUST0672,Electronics,Headphones,Headphones Product 3,North,3,39.9,0.05,113.71,9.51
ORD00612,2025-02-18,CUST0145,Electronics,Laptops,Laptops Product 6,East,1,21.08,0.05,20.03,2.71
ORD00613,2025-11-07,CUST0053,Furniture,Tables,Tables Product 4,West,5,291.37,0.05,1384.01,144.39
ORD00614,2025-03-11,CUST0743,Electronics,Phones,Phones Product 5,North,1,39.51,0.0,39.51,4.52
ORD00615,2025-07-20,CUST0260,Furniture,Tables,Tables Product 6,West,2,60.83,0.05,115.58,9.83
ORD00616,2025-04-03,CUST0757,Electronics,Headphones,Headphones Product 4,East,1,30.37,0.15,25.81,5.21
ORD00617,2025-06-25,CUST0617,Office Supplies,Binders,Binders Product 6,North,4,81.89,0.05,311.18,43.1
ORD00618,2025-07-14,CUST0303,Office Supplies,Storage,Storage Product 1,West,1,68.62,0.0,68.62,17.11
ORD00619,2025-10-03,CUST0419,Accessories,Cables,Cables Product 3,East,3,58.79,0.2,141.1,17.79
ORD00620,2025-03-08,CUST0535,Electronics,Phones,Phones Product 2,East,2,114.7,0.1,206.46,50.57
ORD00621,2025-10-30,CUST0095,Furniture,Tables,Tables Product 4,South,4,144.19,0.0,576.76,156.12
ORD00622,2025-03-18,CUST0095,Accessories,Cables,Cables Product 2,West,5,30.6,0.0,153.0,30.18
ORD00623,2025-09-11,CUST0323,Office Supplies,Paper,Paper Product 6,East,4,39.08,0.0,156.32,24.79
ORD00624,2025-06-08,CUST0459,Furniture,Desks,Desks Product 1,North,1,74.65,0.05,70.92,13.99
ORD00625,2025-05-15,CUST0374,Accessories,Cables,Cables Product 5,West,1,80.31,0.1,72.28,8.45
ORD00626,2025-06-24,CUST0081,Accessories,Bags,Bags Product 6,West,3,38.52,0.0,115.56,13.36
ORD00627,2025-03-10,CUST0119,Office Supplies,Storage,Storage Product 5,South,3,71.14,0.0,213.42,42.3
ORD00628,2025-06-21,CUST0245,Office Supplies,Binders,Binders Product 3,West,5,49.07,0.1,220.81,36.86
ORD00629,2025-09-17,CUST0252,Office Supplies,Paper,Paper Product 3,East,5,184.9,0.15,785.82,114.9
ORD00630,2025-11-13,CUST0472,Accessories,Keyboards,Keyboards Product 3,West,4,60.54,0.1,217.94,23.66
ORD00631,2025-06-26,CUST0324,Accessories,Bags,Bags Product 4,South,3,39.71,0.15,101.26,22.27
ORD00632,2025-07-08,CUST0726,Accessories,Cables,Cables Product 6,East,1,88.39,0.05,83.97,19.08
ORD00633,2025-06-06,CUST0100,Accessories,Cables,Cables Product 5,North,1,53.9,0.05,51.2,3.66
ORD00634,2025-10-18,CUST0027,Accessories,Keyboards,Keyboards Product 1,South,4,54.76,0.0,219.04,40.7
ORD00635,2025-04-04,CUST0062,Office Supplies,Binders,Binders Product 4,West,3,78.21,0.1,211.17,29.99
ORD00636,2025-01-20,CUST0006,Electronics,Phones,Phones Product 4,West,3,105.93,0.05,301.9,55.45
ORD00637,2025-06-14,CUST0421,Electronics,Laptops,Laptops Product 7,South,4,40.11,0.05,152.42,18.83
ORD00638,2025-05-26,CUST0429,Furniture,Chairs,Chairs Product 6,South,4,14.3,0.0,57.2,9.2
ORD00639,2025-09-15,CUST0103,Accessories,Keyboards,Keyboards Product 5,South,2,11.05,0.0,22.1,5.26
ORD00640,2025-10-09,CUST0102,Office Supplies,Binders,Binders Product 8,East,5,63.47,0.15,269.75,50.62
ORD00641,2025-12-02,CUST0134,Furniture,Tables,Tables Product 1,West,3,98.55,0.0,295.65,31.57
ORD00642,2025-11-26,CUST0224,Furniture,Chairs,Chairs Product 8,East,1,19.16,0.05,18.2,4.27
ORD00643,2025-11-19,CUST0057,Accessories,Bags,Bags Product 7,West,1,36.39,0.0,36.39,4.4
ORD00644,2025-09-06,CUST0050,Electronics,Laptops,Laptops Product 5,South,4,156.76,0.1,564.34,52.49
ORD00645,2025-09-13,CUST0448,Office Supplies,Paper,Paper Product 5,North,4,40.62,0.05,154.36,13.92
ORD00646,2025-06-20,CUST0146,Electronics,Laptops,Laptops Product 3,North,4,97.15,0.2,310.88,51.89
ORD00647,2025-02-25,CUST0710,Office Supplies,Binders,Binders Product 2,West,3,52.51,0.15,133.9,21.84
ORD00648,2025-05-26,CUST0618,Office Supplies,Binders,Binders Product 6,North,2,30.44,0.0,60.88,13.79
ORD00649,2025-05-21,CUST0785,Office Supplies,Paper,Paper Product 7,North,3,569.71,0.1,1538.22,325.49
ORD00650,2025-04-24,CUST0017,Furniture,Tables,Tables Product 8,North,3,220.61,0.0,661.83,166.05
ORD00651,2025-05-05,CUST0013,Office Supplies,Storage,Storage Product 7,East,2,38.65,0.0,77.3,14.39
ORD00652,2025-07-31,CUST0767,Electronics,Headphones,Headphones Product 6,West,1,25.39,0.2,20.31,1.74
ORD00653,2025-10-26,CUST0398,Furniture,Chairs,Chairs Product 7,East,3,31.01,0.05,88.38,13.44
ORD00654,2025-11-17,CUST0034,Accessories,Bags,Bags Product 5,South,4,37.15,0.15,126.31,10.71
ORD00655,2025-04-16,CUST0103,Accessories,Keyboards,Keyboards Product 5,West,5,132.02,0.0,660.1,99.72
ORD00656,2025-07-31,CUST0795,Electronics,Laptops,Laptops Product 8,East,5,78.23,0.15,332.48,28.52
ORD00657,2025-01-24,CUST0329,Electronics,Laptops,Laptops Product 4,North,2,31.43,0.05,59.72,13.7
ORD00658,2025-04-02,CUST0571,Furniture,Chairs,Chairs Product 2,West,3,74.21,0.1,200.37,29.93
ORD00659,2025-01-05,CUST0617,Furniture,Tables,Tables Product 8,North,4,60.69,0.05,230.62,31.45
ORD00660,2025-04-13,CUST0003,Office Supplies,Paper,Paper Product 4,East,3,86.49,0.0,259.47,63.3
ORD00661,2025-10-15,CUST0725,Furniture,Desks,Desks Product 5,North,5,184.46,0.0,922.3,225.82
ORD00662,2025-01-07,CUST0593,Office Supplies,Storage,Storage Product 4,West,1,38.55,0.05,36.62,2.9
ORD00663,2025-02-07,CUST0022,Electronics,Headphones,Headphones Product 7,East,5,95.39,0.0,476.95,83.38
ORD00664,2025-11-23,CUST0102,Electronics,Laptops,Laptops Product 1,North,1,69.89,0.05,66.4,15.26
ORD00665,2025-03-27,CUST0363,Office Supplies,Binders,Binders Product 8,East,1,30.52,0.2,24.42,4.47
ORD00666,2025-08-02,CUST0042,Office Supplies,Binders,Binders Product 4,West,5,40.13,0.0,200.65,42.38
ORD00667,2025-12-14,CUST0568,Electronics,Headphones,Headphones Product 2,West,5,114.17,0.05,542.31,117.05
ORD00668,2025-05-21,CUST0380,Office Supplies,Storage,Storage Product 7,East,4,124.89,0.1,449.6,35.35
ORD00669,2025-06-07,CUST0067,Furniture,Chairs,Chairs Product 2,West,4,75.39,0.0,301.56,55.01
ORD00670,2025-03-24,CUST0021,Office Supplies,Paper,Paper Product 8,East,1,200.07,0.0,200.07,51.87
ORD00671,2025-03-24,CUST0402,Accessories,Bags,Bags Product 3,East,2,150.73,0.15,256.24,57.8
ORD00672,2025-04-07,CUST0415,Electronics,Headphones,Headphones Product 2,East,4,37.93,0.0,151.72,35.21
ORD00673,2025-06-10,CUST0678,Electronics,Phones,Phones Product 7,East,3,138.78,0.1,374.71,32.38
ORD00674,2025-11-27,CUST0476,Accessories,Keyboards,Keyboards Product 5,West,4,53.39,0.0,213.56,37.09
ORD00675,2025-11-16,CUST0571,Furniture,Tables,Tables Product 6,North,2,71.43,0.0,142.86,12.92
ORD00676,2025-09-05,CUST0409,Electronics,Phones,Phones Product 3,South,2,62.07,0.0,124.14,9.99
ORD00677,2025-08-12,CUST0435,Office Supplies,Paper,Paper Product 2,East,3,430.72,0.05,1227.55,175.97
ORD00678,2025-10-20,CUST0665,Electronics,Laptops,Laptops Product 1,South,2,45.26,0.0,90.52,23.57
ORD00679,2025-07-27,CUST0277,Office Supplies,Binders,Binders Product 3,South,1,162.97,0.0,162.97,22.7
ORD00680,2025-11-27,CUST0366,Electronics,Laptops,Laptops Product 6,South,2,61.49,0.15,104.53,6.73
ORD00681,2025-07-22,CUST0484,Furniture,Tables,Tables Product 6,West,2,76.17,0.15,129.49,30.72
ORD00682,2025-04-23,CUST0036,Office Supplies,Paper,Paper Product 6,West,3,28.61,0.0,85.83,16.89
ORD00683,2025-06-01,CUST0692,Office Supplies,Binders,Binders Product 2,East,4,45.1,0.2,144.32,9.38
ORD00684,2025-12-03,CUST0223,Electronics,Phones,Phones Product 1,East,4,14.57,0.0,58.28,15.22
ORD00685,2025-06-30,CUST0517,Electronics,Laptops,Laptops Product 7,South,5,41.12,0.05,195.32,22.47
ORD00686,2025-05-26,CUST0691,Accessories,Cables,Cables Product 5,South,3,55.37,0.15,141.19,12.82
ORD00687,2025-02-10,CUST0694,Furniture,Desks,Desks Product 7,North,1,96.49,0.05,91.67,15.81
ORD00688,2025-01-09,CUST0395,Accessories,Keyboards,Keyboards Product 2,West,1,67.94,0.0,67.94,11.94
ORD00689,2025-01-07,CUST0007,Electronics,Headphones,Headphones Product 2,South,3,44.62,0.1,120.47,17.72
ORD00690,2025-10-02,CUST0471,Furniture,Desks,Desks Product 7,East,3,164.94,0.1,445.34,53.12
ORD00691,2025-02-14,CUST0691,Accessories,Keyboards,Keyboards Product 3,East,5,152.69,0.0,763.45,126.92
ORD00692,2025-12-05,CUST0680,Accessories,Keyboards,Keyboards Product 4,East,2,134.75,0.05,256.02,56.88
ORD00693,2025-09-22,CUST0539,Electronics,Phones,Phones Product 7,East,1,38.39,0.0,38.39,7.3
ORD00694,2025-01-08,CUST0533,Furniture,Tables,Tables Product 4,West,4,22.85,0.05,86.83,7.42
ORD00695,2025-05-14,CUST0547,Office Supplies,Paper,Paper Product 4,North,1,104.7,0.0,104.7,29.1
ORD00696,2025-06-18,CUST0227,Furniture,Tables,Tables Product 2,North,2,14.84,0.0,29.68,6.68
ORD00697,2025-01-01,CUST0689,Furniture,Desks,Desks Product 7,East,2,149.94,0.0,299.88,68.74
ORD00698,2025-01-04,CUST0220,Office Supplies,Binders,Binders Product 8,West,1,88.54,0.2,70.83,5.56
ORD00699,2025-08-30,CUST0737,Electronics,Laptops,Laptops Product 5,East,3,58.28,0.0,174.84,33.35
ORD00700,2025-11-04,CUST0153,Furniture,Chairs,Chairs Product 3,West,5,49.17,0.0,245.85,61.4
ORD00701,2025-06-28,CUST0756,Accessories,Bags,Bags Product 7,East,5,38.83,0.1,174.73,37.24
ORD00702,2025-01-27,CUST0515,Accessories,Keyboards,Keyboards Product 2,West,4,69.42,0.05,263.8,65.96
ORD00703,2025-07-01,CUST0106,Accessories,Bags,Bags Product 8,West,5,30.48,0.0,152.4,18.63
ORD00704,2025-05-04,CUST0738,Furniture,Chairs,Chairs Product 6,West,1,32.12,0.0,32.12,6.57
ORD00705,2025-09-13,CUST0574,Furniture,Tables,Tables Product 1,North,2,22.94,0.15,39.0,3.36
ORD00706,2025-10-23,CUST0259,Accessories,Bags,Bags Product 5,South,5,98.22,0.1,441.99,65.59
ORD00707,2025-07-20,CUST0518,Office Supplies,Paper,Paper Product 8,West,3,37.09,0.05,105.71,11.69
ORD00708,2025-11-14,CUST0265,Office Supplies,Storage,Storage Product 4,North,5,19.49,0.1,87.7,19.72
ORD00709,2025-04-10,CUST0563,Electronics,Laptops,Laptops Product 6,West,2,118.57,0.0,237.14,31.84
ORD00710,2025-07-19,CUST0161,Electronics,Headphones,Headphones Product 1,North,2,108.92,0.0,217.84,27.05
ORD00711,2025-01-15,CUST0154,Electronics,Phones,Phones Product 2,West,3,73.37,0.2,176.09,37.63
ORD00712,2025-09-06,CUST0100,Furniture,Desks,Desks Product 6,South,3,32.19,0.15,82.08,5.56
ORD00713,2025-11-18,CUST0231,Accessories,Keyboards,Keyboards Product 6,West,3,35.43,0.05,100.98,9.96
ORD00714,2025-08-23,CUST0648,Accessories,Cables,Cables Product 8,South,3,173.35,0.05,494.05,73.71
ORD00715,2025-04-10,CUST0685,Furniture,Desks,Desks Product 3,North,4,91.72,0.0,366.88,31.91
ORD00716,2025-10-15,CUST0699,Office Supplies,Storage,Storage Product 6,West,1,8.19,0.0,8.19,0.78
ORD00717,2025-10-05,CUST0020,Accessories,Bags,Bags Product 3,South,2,175.46,0.2,280.74,27.95
ORD00718,2025-06-05,CUST0581,Furniture,Tables,Tables Product 7,West,5,76.38,0.05,362.8,42.24
ORD00719,2025-09-02,CUST0711,Furniture,Tables,Tables Product 7,South,2,66.46,0.05,126.27,21.78
ORD00720,2025-11-04,CUST0238,Accessories,Keyboards,Keyboards Product 7,North,3,19.9,0.0,59.7,6.37
ORD00721,2025-03-03,CUST0352,Office Supplies,Binders,Binders Product 5,North,3,98.7,0.1,266.49,62.69
ORD00722,2025-06-02,CUST0357,Electronics,Headphones,Headphones Product 2,East,2,97.78,0.05,185.78,18.06
ORD00723,2025-08-12,CUST0201,Office Supplies,Paper,Paper Product 3,North,5,140.2,0.0,701.0,168.84
ORD00724,2025-08-21,CUST0190,Office Supplies,Storage,Storage Product 8,West,3,39.14,0.15,99.81,11.09
ORD00725,2025-09-06,CUST0471,Furniture,Desks,Desks Product 2,North,4,29.4,0.0,117.6,24.42
ORD00726,2025-07-11,CUST0355,Electronics,Phones,Phones Product 5,East,4,42.48,0.0,169.92,14.83
ORD00727,2025-02-10,CUST0156,Furniture,Desks,Desks Product 4,West,5,28.06,0.05,133.28,18.7
ORD00728,2025-12-01,CUST0745,Accessories,Bags,Bags Product 3,East,3,40.71,0.2,97.7,4.21
ORD00729,2025-12-03,CUST0430,Accessories,Cables,Cables Product 6,North,3,58.08,0.05,165.53,20.19
ORD00730,2025-08-25,CUST0004,Office Supplies,Storage,Storage Product 1,South,2,79.63,0.1,143.33,19.27
ORD00731,2025-01-28,CUST0617,Accessories,Bags,Bags Product 6,East,4,32.65,0.0,130.6,17.65
ORD00732,2025-12-13,CUST0694,Furniture,Tables,Tables Product 2,South,5,107.31,0.05,509.72,132.98
ORD00733,2025-02-19,CUST0603,Office Supplies,Storage,Storage Product 3,West,2,45.15,0.05,85.78,6.08
ORD00734,2025-09-05,CUST0674,Accessories,Cables,Cables Product 5,West,2,101.42,0.0,202.84,35.67
ORD00735,2025-03-18,CUST0774,Office Supplies,Binders,Binders Product 6,North,1,39.57,0.05,37.59,8.66
ORD00736,2025-03-17,CUST0545,Furniture,Desks,Desks Product 7,East,3,123.92,0.05,353.17,60.39
ORD00737,2025-06-06,CUST0799,Furniture,Desks,Desks Product 5,West,4,56.77,0.0,227.08,40.9
ORD00738,2025-12-24,CUST0329,Office Supplies,Binders,Binders Product 3,South,4,71.84,0.1,258.62,50.64
ORD00739,2025-06-01,CUST0080,Accessories,Bags,Bags Product 3,North,5,79.61,0.15,338.34,54.55
ORD00740,2025-05-27,CUST0009,Office Supplies,Binders,Binders Product 7,North,4,106.12,0.15,360.81,20.65
ORD00741,2025-11-17,CUST0218,Accessories,Bags,Bags Product 4,North,1,47.86,0.0,47.86,7.94
ORD00742,2025-01-13,CUST0162,Furniture,Tables,Tables Product 3,East,1,48.8,0.0,48.8,11.47
ORD00743,2025-02-15,CUST0550,Electronics,Headphones,Headphones Product 6,East,2,36.32,0.2,58.11,7.13
ORD00744,2025-12-08,CUST0620,Electronics,Phones,Phones Product 7,East,2,56.37,0.15,95.83,9.28
ORD00745,2025-04-18,CUST0280,Accessories,Bags,Bags Product 4,East,3,19.36,0.05,55.18,10.74
ORD00746,2025-10-17,CUST0178,Electronics,Phones,Phones Product 5,East,4,40.62,0.05,154.36,27.53
ORD00747,2025-05-13,CUST0285,Furniture,Tables,Tables Product 3,East,5,73.39,0.05,348.6,65.55
ORD00748,2025-08-22,CUST0799,Accessories,Bags,Bags Product 3,North,5,22.79,0.1,102.55,13.72
ORD00749,2025-06-11,CUST0046,Accessories,Bags,Bags Product 2,West,3,51.72,0.1,139.64,21.11
ORD00750,2025-11-22,CUST0144,Office Supplies,Binders,Binders Product 8,West,5,48.11,0.05,228.52,28.61
ORD00751,2025-07-28,CUST0364,Electronics,Headphones,Headphones Product 2,West,5,60.81,0.0,304.05,65.83
ORD00752,2025-01-24,CUST0652,Electronics,Laptops,Laptops Product 3,East,3,56.68,0.2,136.03,12.9
ORD00753,2025-12-02,CUST0582,Electronics,Headphones,Headphones Product 3,East,3,45.74,0.0,137.22,15.39
ORD00754,2025-04-28,CUST0573,Accessories,Cables,Cables Product 3,South,3,44.69,0.0,134.07,23.73
ORD00755,2025-08-18,CUST0517,Office Supplies,Storage,Storage Product 2,West,5,46.93,0.0,234.65,48.39
ORD00756,2025-05-20,CUST0043,Furniture,Desks,Desks Product 2,East,4,54.83,0.0,219.32,55.2
ORD00757,2025-07-13,CUST0640,Office Supplies,Storage,Storage Product 6,East,5,98.77,0.05,469.16,105.15
ORD00758,2025-08-17,CUST0183,Office Supplies,Binders,Binders Product 8,North,2,25.66,0.0,51.32,14.17
ORD00759,2025-03-30,CUST0561,Furniture,Desks,Desks Product 2,North,3,31.13,0.1,84.05,7.29
ORD00760,2025-01-08,CUST0255,Furniture,Tables,Tables Product 5,North,2,28.78,0.0,57.56,8.87
ORD00761,2025-08-17,CUST0735,Office Supplies,Binders,Binders Product 5,South,3,48.97,0.0,146.91,37.4
ORD00762,2025-02-09,CUST0728,Furniture,Chairs,Chairs Product 7,North,3,23.27,0.15,59.34,13.37
ORD00763,2025-02-28,CUST0443,Office Supplies,Paper,Paper Product 2,North,4,83.97,0.0,335.88,69.4
ORD00764,2025-06-28,CUST0284,Accessories,Bags,Bags Product 6,East,1,64.21,0.15,54.58,10.0
ORD00765,2025-03-03,CUST0271,Furniture,Chairs,Chairs Product 2,East,5,110.94,0.0,554.7,112.63
ORD00766,2025-08-27,CUST0619,Office Supplies,Paper,Paper Product 6,East,4,40.11,0.0,160.44,26.94
ORD00767,2025-05-28,CUST0774,Accessories,Keyboards,Keyboards Product 6,West,5,129.87,0.05,616.88,66.85
ORD00768,2025-12-17,CUST0350,Electronics,Laptops,Laptops Product 5,West,2,56.9,0.05,108.11,20.29
ORD00769,2025-11-17,CUST0631,Furniture,Desks,Desks Product 4,South,3,61.36,0.1,165.67,29.3
ORD00770,2025-01-25,CUST0038,Furniture,Desks,Desks Product 7,East,3,43.23,0.0,129.69,32.47
ORD00771,2025-03-14,CUST0761,Furniture,Tables,Tables Product 7,North,2,64.49,0.0,128.98,33.14
ORD00772,2025-02-25,CUST0799,Electronics,Laptops,Laptops Product 5,North,1,103.35,0.0,103.35,13.35
ORD00773,2025-02-28,CUST0391,Accessories,Keyboards,Keyboards Product 5,West,5,159.53,0.0,797.65,131.08
ORD00774,2025-12-24,CUST0482,Electronics,Phones,Phones Product 5,North,5,46.96,0.05,223.06,39.58
ORD00775,2025-02-28,CUST0227,Office Supplies,Paper,Paper Product 5,West,4,42.99,0.0,171.96,45.46
ORD00776,2025-05-31,CUST0275,Office Supplies,Paper,Paper Product 2,South,2,75.98,0.05,144.36,18.24
ORD00777,2025-12-26,CUST0085,Accessories,Cables,Cables Product 3,West,3,125.21,0.05,356.85,34.76
ORD00778,2025-11-09,CUST0746,Office Supplies,Storage,Storage Product 1,South,1,39.21,0.05,37.25,2.9
ORD00779,2025-06-01,CUST0014,Office Supplies,Storage,Storage Product 7,West,5,29.34,0.0,146.7,23.83
ORD00780,2025-11-25,CUST0515,Furniture,Tables,Tables Product 5,West,2,10.17,0.05,19.32,3.97
ORD00781,2025-07-25,CUST0594,Accessories,Keyboards,Keyboards Product 7,North,2,88.35,0.0,176.7,35.85
ORD00782,2025-05-08,CUST0138,Furniture,Desks,Desks Product 4,East,1,77.75,0.05,73.86,17.35
ORD00783,2025-12-08,CUST0650,Accessories,Keyboards,Keyboards Product 7,West,2,38.85,0.2,62.16,9.34
ORD00784,2025-04-05,CUST0443,Electronics,Phones,Phones Product 7,East,3,33.78,0.0,101.34,16.86
ORD00785,2025-06-10,CUST0144,Office Supplies,Paper,Paper Product 3,West,4,20.63,0.15,70.14,16.68
ORD00786,2025-07-11,CUST0045,Electronics,Phones,Phones Product 2,North,2,24.11,0.15,40.99,5.84
ORD00787,2025-11-04,CUST0596,Accessories,Bags,Bags Product 8,South,2,27.83,0.05,52.88,6.94
ORD00788,2025-10-08,CUST0222,Furniture,Chairs,Chairs Product 1,East,5,45.74,0.05,217.27,53.52
ORD00789,2025-06-22,CUST0336,Electronics,Laptops,Laptops Product 3,East,5,102.86,0.0,514.3,41.53
ORD00790,2025-07-02,CUST0101,Office Supplies,Paper,Paper Product 7,South,3,36.55,0.2,87.72,19.11
ORD00791,2025-09-25,CUST0705,Office Supplies,Binders,Binders Product 3,East,2,15.14,0.1,27.25,2.18
ORD00792,2025-11-22,CUST0039,Office Supplies,Storage,Storage Product 2,North,4,117.06,0.0,468.24,53.79
ORD00793,2025-07-04,CUST0471,Office Supplies,Paper,Paper Product 1,North,1,50.54,0.1,45.49,6.0
ORD00794,2025-06-14,CUST0716,Office Supplies,Binders,Binders Product 3,East,1,31.99,0.0,31.99,5.95
ORD00795,2025-09-06,CUST0088,Office Supplies,Binders,Binders Product 8,East,2,133.35,0.1,240.03,55.46
ORD00796,2025-09-11,CUST0138,Furniture,Chairs,Chairs Product 7,North,2,61.89,0.05,117.59,13.99
ORD00797,2025-03-04,CUST0124,Furniture,Tables,Tables Product 1,East,2,64.38,0.0,128.76,34.25
ORD00798,2025-04-27,CUST0324,Electronics,Headphones,Headphones Product 5,South,3,23.72,0.2,56.93,12.08
ORD00799,2025-01-14,CUST0276,Electronics,Phones,Phones Product 5,West,4,51.2,0.0,204.8,20.58
ORD00800,2025-01-20,CUST0004,Electronics,Phones,Phones Product 3,North,1,171.41,0.05,162.84,15.47
ORD00801,2025-10-20,CUST0608,Electronics,Laptops,Laptops Product 6,East,5,50.96,0.05,242.06,35.95
ORD00802,2025-04-10,CUST0111,Office Supplies,Storage,Storage Product 8,South,1,175.95,0.05,167.15,30.17
ORD00803,2025-04-06,CUST0334,Electronics,Laptops,Laptops Product 2,East,5,23.93,0.1,107.69,16.89
ORD00804,2025-01-15,CUST0643,Electronics,Headphones,Headphones Product 4,West,5,147.31,0.0,736.55,96.95
ORD00805,2025-08-08,CUST0792,Office Supplies,Storage,Storage Product 6,South,5,42.49,0.05,201.83,21.45
ORD00806,2025-09-25,CUST0262,Office Supplies,Binders,Binders Product 8,West,1,53.61,0.0,53.61,4.82
ORD00807,2025-06-28,CUST0681,Electronics,Headphones,Headphones Product 7,South,1,36.8,0.15,31.28,6.49
ORD00808,2025-07-26,CUST0585,Furniture,Desks,Desks Product 7,West,4,145.52,0.1,523.87,47.44
ORD00809,2025-12-26,CUST0143,Furniture,Chairs,Chairs Product 7,East,5,58.29,0.0,291.45,29.86
ORD00810,2025-07-17,CUST0690,Office Supplies,Storage,Storage Product 4,East,2,17.67,0.0,35.34,6.0
ORD00811,2025-08-01,CUST0667,Accessories,Keyboards,Keyboards Product 1,East,5,32.4,0.0,162.0,21.46
ORD00812,2025-05-12,CUST0506,Office Supplies,Paper,Paper Product 1,West,4,39.14,0.0,156.56,12.91
ORD00813,2025-03-09,CUST0778,Office Supplies,Paper,Paper Product 3,South,5,70.02,0.05,332.59,39.14
ORD00814,2025-01-14,CUST0326,Office Supplies,Storage,Storage Product 7,South,2,64.66,0.0,129.32,34.09
ORD00815,2025-08-20,CUST0427,Furniture,Chairs,Chairs Product 2,West,4,28.17,0.0,112.68,12.29
ORD00816,2025-04-06,CUST0594,Office Supplies,Paper,Paper Product 3,North,5,27.87,0.0,139.35,32.49
ORD00817,2025-05-11,CUST0216,Furniture,Chairs,Chairs Product 7,North,3,77.23,0.1,208.52,39.24
ORD00818,2025-11-06,CUST0239,Furniture,Desks,Desks Product 4,North,2,36.28,0.15,61.68,9.81
ORD00819,2025-10-01,CUST0332,Office Supplies,Storage,Storage Product 7,East,4,77.85,0.0,311.4,81.79
ORD00820,2025-04-30,CUST0333,Office Supplies,Binders,Binders Product 6,South,4,49.27,0.2,157.66,23.51
ORD00821,2025-08-24,CUST0385,Furniture,Desks,Desks Product 8,South,3,34.0,0.0,102.0,26.52
ORD00822,2025-08-06,CUST0117,Accessories,Bags,Bags Product 4,West,3,100.75,0.15,256.91,27.14
ORD00823,2025-08-07,CUST0589,Accessories,Bags,Bags Product 6,North,3,74.53,0.1,201.23,21.36
ORD00824,2025-12-14,CUST0151,Electronics,Phones,Phones Product 3,North,5,100.52,0.1,452.34,95.75
ORD00825,2025-02-01,CUST0171,Electronics,Headphones,Headphones Product 5,South,4,108.55,0.05,412.49,104.58
ORD00826,2025-04-23,CUST0250,Furniture,Desks,Desks Product 3,South,5,16.41,0.05,77.95,11.68
ORD00827,2025-01-15,CUST0589,Furniture,Desks,Desks Product 2,North,1,39.26,0.0,39.26,6.16
ORD00828,2025-07-03,CUST0654,Office Supplies,Binders,Binders Product 8,South,4,22.38,0.0,89.52,11.22
ORD00829,2025-05-01,CUST0267,Electronics,Headphones,Headphones Product 1,North,4,36.68,0.1,132.05,19.64
ORD00830,2025-10-06,CUST0628,Accessories,Cables,Cables Product 1,North,1,292.32,0.0,292.32,52.0
ORD00831,2025-08-24,CUST0118,Accessories,Keyboards,Keyboards Product 5,North,1,36.67,0.15,31.17,7.11
ORD00832,2025-04-08,CUST0074,Furniture,Chairs,Chairs Product 5,West,3,65.86,0.05,187.7,40.14
ORD00833,2025-12-11,CUST0128,Furniture,Chairs,Chairs Product 7,North,1,53.77,0.0,53.77,13.03
ORD00834,2025-09-26,CUST0430,Office Supplies,Paper,Paper Product 6,South,5,71.14,0.15,302.34,34.14
ORD00835,2025-07-29,CUST0493,Electronics,Laptops,Laptops Product 5,North,1,224.68,0.0,224.68,59.84
ORD00836,2025-08-19,CUST0089,Electronics,Laptops,Laptops Product 1,North,4,73.51,0.0,294.04,63.83
ORD00837,2025-01-21,CUST0747,Accessories,Keyboards,Keyboards Product 5,East,2,125.89,0.15,214.01,15.15
ORD00838,2025-11-30,CUST0546,Electronics,Phones,Phones Product 1,North,4,39.08,0.2,125.06,8.95
ORD00839,2025-06-14,CUST0071,Accessories,Bags,Bags Product 1,South,1,114.94,0.2,91.95,3.24
ORD00840,2025-10-27,CUST0115,Furniture,Desks,Desks Product 6,South,2,58.12,0.15,98.8,21.6
ORD00841,2025-04-25,CUST0368,Office Supplies,Storage,Storage Product 7,South,3,72.94,0.0,218.82,31.66
ORD00842,2025-11-06,CUST0137,Furniture,Desks,Desks Product 6,East,5,98.26,0.0,491.3,64.35
ORD00843,2025-08-17,CUST0128,Office Supplies,Paper,Paper Product 5,South,3,49.12,0.05,139.99,31.46
ORD00844,2025-03-16,CUST0784,Electronics,Phones,Phones Product 5,North,3,77.21,0.0,231.63,23.63
ORD00845,2025-02-23,CUST0172,Furniture,Chairs,Chairs Product 4,South,3,171.21,0.05,487.95,57.29
ORD00846,2025-02-18,CUST0763,Office Supplies,Paper,Paper Product 8,West,2,90.33,0.0,180.66,21.61
ORD00847,2025-11-04,CUST0301,Office Supplies,Binders,Binders Product 7,South,3,49.26,0.0,147.78,36.64
ORD00848,2025-08-31,CUST0440,Furniture,Chairs,Chairs Product 1,East,4,21.53,0.0,86.12,23.46
ORD00849,2025-07-20,CUST0613,Furniture,Tables,Tables Product 6,North,1,110.24,0.2,88.19,13.61
ORD00850,2025-03-25,CUST0530,Furniture,Desks,Desks Product 3,West,2,27.47,0.0,54.94,6.33
ORD00851,2025-05-02,CUST0208,Accessories,Bags,Bags Product 3,East,3,38.67,0.0,116.01,30.85
ORD00852,2025-11-14,CUST0125,Electronics,Laptops,Laptops Product 6,North,1,29.78,0.0,29.78,6.33
ORD00853,2025-02-24,CUST0679,Office Supplies,Storage,Storage Product 3,North,1,82.63,0.05,78.5,18.84
ORD00854,2025-06-20,CUST0558,Electronics,Laptops,Laptops Product 5,South,5,38.09,0.15,161.88,31.23
ORD00855,2025-09-19,CUST0056,Office Supplies,Paper,Paper Product 3,East,5,189.15,0.2,756.6,108.75
ORD00856,2025-07-29,CUST0008,Furniture,Desks,Desks Product 8,East,4,90.53,0.15,307.8,49.07
ORD00857,2025-12-01,CUST0785,Electronics,Phones,Phones Product 5,South,4,82.76,0.05,314.49,51.1
ORD00858,2025-01-25,CUST0046,Electronics,Laptops,Laptops Product 4,East,5,44.22,0.05,210.04,37.56
ORD00859,2025-09-16,CUST0740,Office Supplies,Binders,Binders Product 6,South,2,107.38,0.1,193.28,21.72
ORD00860,2025-12-24,CUST0055,Office Supplies,Storage,Storage Product 6,South,2,101.99,0.15,173.38,28.37
ORD00861,2025-08-23,CUST0274,Furniture,Chairs,Chairs Product 6,East,3,13.06,,39.18,7.9
ORD00862,2025-12-22,CUST0337,Accessories,Bags,Bags Product 2,North,1,88.54,0.05,84.11,8.7
ORD00863,2025-09-02,CUST0145,Accessories,Bags,Bags Product 5,North,3,63.32,0.1,170.96,11.05
ORD00864,2025-10-27,CUST0182,Furniture,Chairs,Chairs Product 7,East,4,78.38,0.0,313.52,64.13
ORD00865,2025-06-08,CUST0587,Accessories,Bags,Bags Product 5,North,5,46.43,0.15,197.33,25.94
ORD00866,2025-02-27,CUST0107,Furniture,Tables,Tables Product 7,East,2,91.49,0.15,155.53,31.48
ORD00867,2025-01-06,CUST0794,Office Supplies,Binders,Binders Product 6,West,3,52.04,0.0,156.12,19.04
ORD00868,2025-08-01,CUST0695,Furniture,Tables,Tables Product 6,South,5,76.11,0.15,323.47,53.55
ORD00869,2025-07-08,CUST0230,Office Supplies,Binders,Binders Product 7,South,2,76.8,0.0,153.6,30.05
ORD00870,2025-11-08,CUST0337,Furniture,Desks,Desks Product 7,North,5,114.64,0.0,573.2,112.81
ORD00871,2025-03-13,CUST0069,Accessories,Bags,Bags Product 1,North,4,53.92,0.15,183.33,27.8
ORD00872,2025-09-01,CUST0683,Office Supplies,Binders,Binders Product 5,North,5,173.49,0.0,867.45,225.66
ORD00873,2025-02-05,CUST0072,Furniture,Desks,Desks Product 4,West,1,27.43,0.1,24.69,4.01
ORD00874,2025-11-21,CUST0440,Accessories,Cables,Cables Product 3,West,5,90.36,0.1,406.62,85.17
ORD00875,2025-02-08,CUST0104,Accessories,Keyboards,Keyboards Product 1,West,4,77.62,0.15,263.91,63.83
ORD00876,2025-12-30,CUST0640,Electronics,Headphones,Headphones Product 7,West,4,41.81,0.0,167.24,43.11
ORD00877,2025-04-28,CUST0475,Accessories,Cables,Cables Product 8,North,5,77.91,0.0,389.55,52.63
ORD00878,2025-12-18,CUST0534,Office Supplies,Storage,Storage Product 1,West,5,48.59,0.2,194.36,29.65
ORD00879,2025-09-20,CUST0290,Electronics,Phones,Phones Product 6,East,2,52.43,0.15,89.13,19.78
ORD00880,2025-03-26,CUST0030,Electronics,Laptops,Laptops Product 7,South,1,38.71,0.2,30.97,6.92
ORD00881,2025-10-02,CUST0599,Furniture,Desks,Desks Product 4,South,2,82.04,0.1,147.67,12.34
ORD00882,2025-05-06,CUST0745,Electronics,Laptops,Laptops Product 7,South,1,134.12,0.15,114.0,21.82
ORD00883,2025-05-11,CUST0652,Office Supplies,Binders,Binders Product 7,North,5,16.49,0.0,82.45,18.9
ORD00884,2025-09-10,CUST0566,Accessories,Keyboards,Keyboards Product 6,East,2,80.64,0.0,161.28,14.11
ORD00885,2025-02-01,CUST0105,Furniture,Desks,Desks Product 7,East,5,188.17,0.2,752.68,92.58
ORD00886,2025-12-31,CUST0370,Electronics,Laptops,Laptops Product 7,West,4,62.1,0.15,211.14,43.25
ORD00887,2025-02-18,CUST0528,Electronics,Headphones,Headphones Product 5,East,2,16.99,0.1,30.58,5.51
ORD00888,2025-09-08,CUST0608,Accessories,Cables,Cables Product 6,East,4,50.81,0.05,193.08,36.4
ORD00889,2025-09-23,CUST0270,Office Supplies,Binders,Binders Product 7,West,2,84.76,0.15,144.09,7.93
ORD00890,2025-08-09,CUST0635,Office Supplies,Storage,Storage Product 2,South,1,43.37,0.1,39.03,6.23
ORD00891,2025-05-09,CUST0384,Furniture,Chairs,Chairs Product 6,North,2,47.14,0.1,84.85,19.02
ORD00892,2025-05-06,CUST0420,Electronics,Phones,Phones Product 5,West,2,89.16,0.1,160.49,16.79
ORD00893,2025-04-19,CUST0185,Furniture,Desks,Desks Product 1,West,5,252.32,0.1,1135.44,187.23
ORD00894,2025-12-09,CUST0266,Accessories,Keyboards,Keyboards Product 5,South,3,126.97,0.0,380.91,59.19
ORD00895,2025-06-18,CUST0566,Office Supplies,Binders,Binders Product 1,West,1,67.25,0.2,53.8,3.98
ORD00896,2025-06-05,CUST0035,Accessories,Keyboards,Keyboards Product 5,West,5,22.64,0.0,113.2,14.74
ORD00897,2025-07-07,CUST0456,Accessories,Cables,Cables Product 1,South,4,101.31,0.0,405.24,81.18
ORD00898,2025-06-21,CUST0572,Office Supplies,Storage,Storage Product 1,North,4,42.38,0.0,169.52,41.58
ORD00899,2025-08-21,CUST0062,Electronics,Laptops,Laptops Product 2,North,4,48.5,0.0,194.0,21.53
ORD00900,2025-03-16,CUST0249,Furniture,Tables,Tables Product 2,North,4,99.26,,357.34,39.74
ORD00901,2025-12-17,CUST0383,Furniture,Desks,Desks Product 2,East,4,22.74,0.0,90.96,12.02
ORD00902,2025-07-15,CUST0678,Accessories,Keyboards,Keyboards Product 5,North,1,127.3,0.05,120.93,20.69
ORD00903,2025-02-12,CUST0165,Office Supplies,Storage,Storage Product 7,East,2,289.25,0.05,549.57,43.82
ORD00904,2025-07-23,CUST0508,Electronics,Headphones,Headphones Product 2,East,1,43.96,0.05,41.76,10.18
ORD00905,2025-02-18,CUST0442,Office Supplies,Paper,Paper Product 3,East,4,124.18,0.0,496.72,92.29
ORD00906,2025-03-30,CUST0235,Furniture,Tables,Tables Product 5,South,3,40.88,0.1,110.38,25.25
ORD00907,2025-09-30,CUST0400,Office Supplies,Paper,Paper Product 7,East,1,85.49,0.05,81.22,8.23
ORD00908,2025-11-08,CUST0248,Accessories,Cables,Cables Product 5,North,5,45.26,0.2,181.04,14.4
ORD00909,2025-07-21,CUST0772,Electronics,Laptops,Laptops Product 7,North,2,36.45,0.0,72.9,15.39
ORD00910,2025-06-22,CUST0212,Office Supplies,Binders,Binders Product 2,North,3,49.3,0.15,125.71,6.28
ORD00911,2025-05-15,CUST0405,Office Supplies,Storage,Storage Product 4,West,3,81.71,0.0,245.13,41.95
ORD00912,2025-06-03,CUST0534,Electronics,Phones,Phones Product 3,South,3,50.66,0.05,144.38,11.92
ORD00913,2025-02-26,CUST0179,Accessories,Bags,Bags Product 2,North,1,17.66,0.0,17.66,3.87
ORD00914,2025-05-22,CUST0038,Accessories,Bags,Bags Product 6,East,2,29.34,0.15,49.88,5.97
ORD00915,2025-12-20,CUST0668,Furniture,Desks,Desks Product 2,North,1,36.56,0.1,32.9,4.08
ORD00916,2025-08-16,CUST0534,Office Supplies,Storage,Storage Product 6,South,3,82.42,0.15,210.17,23.08
ORD00917,2025-05-18,CUST0386,Office Supplies,Paper,Paper Product 6,East,3,116.27,0.05,331.37,29.54
ORD00918,2025-12-08,CUST0652,Accessories,Cables,Cables Product 1,West,5,100.16,0.0,500.8,98.22
ORD00919,2025-06-16,CUST0493,Furniture,Desks,Desks Product 6,West,3,82.58,0.0,247.74,44.53
ORD00920,2025-12-02,CUST0009,Accessories,Cables,Cables Product 2,East,4,223.98,0.1,806.33,157.76
ORD00921,2025-01-22,CUST0563,Office Supplies,Paper,Paper Product 8,South,4,43.54,0.15,148.04,28.31
ORD00922,2025-02-08,CUST0696,Accessories,Cables,Cables Product 7,North,5,58.37,0.15,248.07,52.15
ORD00923,2025-12-04,CUST0208,Office Supplies,Paper,Paper Product 1,South,3,51.8,0.0,155.4,26.6
ORD00924,2025-09-28,CUST0176,Electronics,Headphones,Headphones Product 7,South,5,61.36,0.15,260.78,25.92
ORD00925,2025-01-03,CUST0373,Furniture,Tables,Tables Product 4,West,4,48.76,0.2,156.03,21.18
ORD00926,2025-02-24,CUST0436,Furniture,Tables,Tables Product 1,West,1,51.63,0.05,49.05,7.55
ORD00927,2025-01-11,CUST0190,Accessories,Bags,Bags Product 7,North,2,87.65,0.0,175.3,34.03
ORD00928,2025-10-30,CUST0266,Accessories,Keyboards,Keyboards Product 8,West,4,80.94,0.0,323.76,51.89
ORD00929,2025-03-24,CUST0060,Furniture,Tables,Tables Product 1,South,4,32.39,0.0,129.56,34.17
ORD00930,2025-08-27,CUST0286,Electronics,Laptops,Laptops Product 8,North,1,38.48,0.05,36.56,7.04
ORD00931,2025-03-12,CUST0753,Electronics,Headphones,Headphones Product 1,East,1,70.77,0.05,67.23,5.66
ORD00932,2025-09-07,CUST0054,Accessories,Cables,Cables Product 1,North,3,133.75,0.0,401.25,90.62
ORD00933,2025-08-10,CUST0044,Electronics,Phones,Phones Product 5,North,1,94.82,0.0,94.82,8.82
ORD00934,2025-04-09,CUST0668,Office Supplies,Binders,Binders Product 6,South,1,33.36,0.0,33.36,8.3
ORD00935,2025-12-24,CUST0493,Accessories,Keyboards,Keyboards Product 1,East,2,57.76,0.0,115.52,23.11
ORD00936,2025-06-22,CUST0309,Furniture,Tables,Tables Product 6,North,2,162.73,0.05,309.19,68.03
ORD00937,2025-01-01,CUST0142,Office Supplies,Storage,Storage Product 3,West,3,46.68,0.0,140.04,30.44
ORD00938,2025-02-07,CUST0230,Electronics,Laptops,Laptops Product 3,East,2,52.76,0.05,100.24,9.11
ORD00939,2025-04-07,CUST0523,Furniture,Desks,Desks Product 2,West,2,43.72,0.0,87.44,23.73
ORD00940,2025-06-19,CUST0512,Electronics,Laptops,Laptops Product 3,East,3,23.21,0.0,69.63,6.91
ORD00941,2025-10-10,CUST0613,Office Supplies,Binders,Binders Product 7,South,2,105.81,0.15,179.88,34.02
ORD00942,2025-07-20,CUST0361,Office Supplies,Paper,Paper Product 5,North,2,53.38,0.05,101.42,8.81
ORD00943,2025-12-06,CUST0158,Furniture,Chairs,Chairs Product 5,South,2,31.93,0.05,60.67,8.23
ORD00944,2025-01-04,CUST0559,Accessories,Keyboards,Keyboards Product 6,West,4,19.88,0.05,75.54,10.32
ORD00945,2025-05-24,CUST0421,Furniture,Tables,Tables Product 6,East,3,39.71,0.05,113.17,30.06
ORD00946,2025-05-22,CUST0649,Furniture,Desks,Desks Product 5,East,2,77.74,0.0,155.48,28.85
ORD00947,2025-09-23,CUST0625,Office Supplies,Paper,Paper Product 5,North,1,241.42,0.0,241.42,49.39
ORD00948,2025-02-08,CUST0333,Accessories,Bags,Bags Product 4,West,1,106.69,0.05,101.36,7.74
ORD00949,2025-06-17,CUST0248,Office Supplies,Paper,Paper Product 5,South,5,219.88,0.05,1044.43,174.59
ORD00950,2025-12-04,CUST0026,Electronics,Laptops,Laptops Product 2,West,1,30.45,0.0,30.45,4.2
ORD00951,2025-10-01,CUST0221,Office Supplies,Paper,Paper Product 2,East,3,63.98,0.05,182.34,21.34
ORD00952,2025-11-30,CUST0173,Office Supplies,Binders,Binders Product 3,East,4,28.52,0.05,108.38,16.95
ORD00953,2025-07-06,CUST0182,Electronics,Laptops,Laptops Product 4,South,3,11.19,0.05,31.89,4.14
ORD00954,2025-06-10,CUST0282,Furniture,Tables,Tables Product 1,North,5,14.41,0.15,61.24,5.37
ORD00955,2025-09-02,CUST0018,Office Supplies,Binders,Binders Product 2,South,5,195.94,0.05,930.72,181.97
ORD00956,2025-08-19,CUST0770,Electronics,Laptops,Laptops Product 3,East,4,81.61,0.0,326.44,87.33
ORD00957,2025-11-01,CUST0236,Electronics,Phones,Phones Product 8,East,1,38.07,0.05,36.17,5.02
ORD00958,2025-02-04,CUST0708,Accessories,Keyboards,Keyboards Product 4,North,4,295.86,0.05,1124.27,131.05
ORD00959,2025-09-15,CUST0126,Office Supplies,Paper,Paper Product 7,South,3,80.26,0.15,204.66,11.75
ORD00960,2025-10-27,CUST0021,Electronics,Laptops,Laptops Product 1,North,1,221.19,0.0,221.19,43.96
ORD00961,2025-03-18,CUST0313,Furniture,Desks,Desks Product 7,East,4,83.03,0.1,298.91,19.99
ORD00962,2025-10-12,CUST0404,Furniture,Desks,Desks Product 2,West,2,107.74,0.15,183.16,28.32
ORD00963,2025-11-22,CUST0758,Furniture,Tables,Tables Product 8,East,2,154.63,0.2,247.41,52.34
ORD00964,2025-06-08,CUST0772,Electronics,Laptops,Laptops Product 7,North,4,45.0,0.1,162.0,17.95
ORD00965,2025-07-10,CUST0062,Accessories,Cables,Cables Product 6,South,5,39.76,0.1,178.92,13.02
ORD00966,2025-01-16,CUST0761,Accessories,Bags,Bags Product 8,North,2,20.5,0.0,41.0,10.22
ORD00967,2025-07-04,CUST0513,Electronics,Headphones,Headphones Product 5,West,1,44.24,0.1,39.82,6.08
ORD00968,2025-05-17,CUST0148,Electronics,Laptops,Laptops Product 7,West,2,233.71,0.0,467.42,93.26
ORD00969,2025-05-28,CUST0676,Office Supplies,Binders,Binders Product 6,West,2,36.63,0.05,69.6,11.23
ORD00970,2025-07-12,CUST0698,Furniture,Chairs,Chairs Product 8,West,3,17.08,0.0,51.24,11.41
ORD00971,2025-06-14,CUST0336,Electronics,Headphones,Headphones Product 6,East,2,51.96,0.1,93.53,23.0
ORD00972,2025-05-24,CUST0347,Furniture,Desks,Desks Product 7,South,4,52.27,0.15,177.72,34.68
ORD00973,2025-04-30,CUST0453,Accessories,Cables,Cables Product 3,North,2,37.09,0.05,70.47,11.41
ORD00974,2025-08-17,CUST0346,Office Supplies,Storage,Storage Product 2,North,3,57.92,0.15,147.7,16.88
ORD00975,2025-09-14,CUST0258,Furniture,Tables,Tables Product 6,West,1,55.74,0.0,55.74,15.31
ORD00976,2025-10-27,CUST0370,Furniture,Tables,Tables Product 5,East,2,50.02,0.15,85.03,8.57
ORD00977,2025-08-29,CUST0416,Electronics,Headphones,Headphones Product 3,North,2,61.15,0.0,122.3,31.25
ORD00978,2025-12-26,CUST0255,Electronics,Headphones,Headphones Product 2,North,5,39.22,0.0,196.1,40.24
ORD00979,2025-10-05,CUST0432,Furniture,Tables,Tables Product 7,West,1,51.7,0.0,51.7,9.89
ORD00980,2025-02-13,CUST0579,Electronics,Laptops,Laptops Product 6,West,2,59.05,0.05,112.19,11.94
ORD00981,2025-08-25,CUST0421,Electronics,Laptops,Laptops Product 4,South,3,196.16,0.0,588.48,136.36
ORD00982,2025-02-13,CUST0702,Accessories,Cables,Cables Product 5,East,3,69.59,0.05,198.33,21.44
ORD00983,2025-07-12,CUST0730,Electronics,Phones,Phones Product 1,South,4,82.28,,279.75,16.37
ORD00984,2025-08-05,CUST0353,Electronics,Laptops,Laptops Product 3,North,2,125.89,0.0,251.78,40.85
ORD00985,2025-08-07,CUST0697,Office Supplies,Storage,Storage Product 7,North,3,55.72,0.05,158.8,20.7
ORD00986,2025-11-08,CUST0181,Office Supplies,Storage,Storage Product 1,North,3,87.03,0.15,221.93,45.51
ORD00987,2025-06-21,CUST0044,Electronics,Headphones,Headphones Product 3,West,3,32.42,0.1,87.53,9.98
ORD00988,2025-02-06,CUST0579,Furniture,Tables,Tables Product 7,East,2,41.95,0.1,75.51,11.28
ORD00989,2025-03-24,CUST0034,Electronics,Headphones,Headphones Product 5,South,5,167.48,0.1,753.66,81.64
ORD00990,2025-10-19,CUST0321,Accessories,Cables,Cables Product 1,East,2,21.08,0.2,33.73,6.86
ORD00991,2025-07-27,CUST0208,Accessories,Keyboards,Keyboards Product 4,South,4,133.48,0.0,533.92,127.11
ORD00992,2025-10-17,CUST0588,Electronics,Phones,Phones Product 1,West,2,57.96,0.05,110.12,26.56
ORD00993,2025-04-03,CUST0291,Office Supplies,Storage,Storage Product 3,East,5,43.51,0.0,217.55,60.53
ORD00994,2025-08-28,CUST0354,Office Supplies,Paper,Paper Product 3,South,5,70.51,0.15,299.67,13.47
ORD00995,2025-08-03,CUST0426,Electronics,Phones,Phones Product 8,West,2,77.21,0.0,154.42,30.24
ORD00996,2025-11-21,CUST0460,Accessories,Bags,Bags Product 7,West,1,90.42,0.0,90.42,17.88
ORD00997,2025-03-07,CUST0509,Electronics,Laptops,Laptops Product 6,West,4,60.69,0.0,242.76,42.21
ORD00998,2025-05-11,CUST0036,Office Supplies,Storage,Storage Product 8,North,2,53.37,0.2,85.39,10.22
ORD00999,2025-12-31,CUST0186,Electronics,Phones,Phones Product 1,South,1,75.63,0.0,75.63,13.81
ORD01000,2025-07-05,CUST0138,Furniture,Tables,Tables Product 4,North,5,31.41,0.0,157.05,26.66
ORD01001,2025-07-04,CUST0124,Accessories,Cables,Cables Product 8,East,1,39.27,0.15,33.38,3.07
ORD01002,2025-01-16,CUST0577,Office Supplies,Storage,Storage Product 8,South,2,46.82,0.0,93.64,17.97
ORD01003,2025-03-29,CUST0111,Furniture,Desks,Desks Product 4,South,2,22.68,0.0,45.36,5.08
ORD01004,2025-06-22,CUST0282,Accessories,Keyboards,Keyboards Product 1,North,1,59.95,0.0,59.95,10.22
ORD01005,2025-06-09,CUST0498,Office Supplies,Storage,Storage Product 5,West,3,122.05,0.05,347.84,58.38
ORD01006,2025-05-11,CUST0347,Accessories,Bags,Bags Product 2,East,4,45.48,0.1,163.73,28.86
ORD01007,2025-10-04,CUST0758,Electronics,Phones,Phones Product 5,East,5,31.45,0.2,125.8,24.42
ORD01008,2025-01-12,CUST0773,Office Supplies,Paper,Paper Product 7,West,1,206.23,0.0,206.23,16.64
ORD01009,2025-04-03,CUST0789,Furniture,Tables,Tables Product 8,West,4,158.53,0.05,602.41,137.45
ORD01010,2025-07-20,CUST0014,Furniture,Desks,Desks Product 7,North,2,50.88,0.0,101.76,16.16
ORD01011,2025-02-28,CUST0088,Accessories,Bags,Bags Product 2,East,2,108.36,0.0,216.72,54.87
ORD01012,2025-03-02,CUST0090,Electronics,Laptops,Laptops Product 2,West,1,135.03,0.0,135.03,24.56
ORD01013,2025-05-31,CUST0466,Office Supplies,Paper,Paper Product 7,South,2,156.19,0.0,312.38,41.67
ORD01014,2025-12-28,CUST0513,Furniture,Chairs,Chairs Product 5,East,1,39.18,0.0,39.18,10.26
ORD01015,2025-09-13,CUST0519,Furniture,Chairs,Chairs Product 5,North,2,50.42,0.0,100.84,25.83
ORD01016,2025-01-20,CUST0309,Accessories,Cables,Cables Product 6,North,2,325.64,0.1,586.15,125.31
ORD01017,2025-03-17,CUST0013,Office Supplies,Storage,Storage Product 1,South,3,34.22,0.1,92.39,6.93
ORD01018,2025-08-18,CUST0535,Electronics,Headphones,Headphones Product 5,East,5,39.25,0.1,176.62,44.66
ORD01019,2025-05-18,CUST0201,Furniture,Tables,Tables Product 4,South,5,36.63,0.2,146.52,27.49
ORD01020,2025-09-20,CUST0572,Furniture,Desks,Desks Product 7,West,5,65.15,0.15,276.89,25.89
ORD01021,2025-03-12,CUST0511,Accessories,Cables,Cables Product 5,South,1,154.75,0.0,154.75,22.31
ORD01022,2025-08-25,CUST0029,Furniture,Tables,Tables Product 1,South,4,64.72,0.05,245.94,60.46
ORD01023,2025-11-21,CUST0255,Office Supplies,Binders,Binders Product 3,North,1,17.24,0.15,14.65,1.28
ORD01024,2025-10-10,CUST0047,Accessories,Keyboards,Keyboards Product 2,West,5,120.59,0.05,572.8,90.34
ORD01025,2025-06-16,CUST0397,Accessories,Keyboards,Keyboards Product 6,East,2,77.05,0.0,154.1,16.12
ORD01026,2025-05-05,CUST0367,Office Supplies,Storage,Storage Product 8,South,2,167.57,0.2,268.11,14.61
ORD01027,2025-07-14,CUST0495,Furniture,Chairs,Chairs Product 7,West,3,21.91,0.0,65.73,7.29
ORD01028,2025-05-29,CUST0672,Furniture,Chairs,Chairs Product 5,East,4,59.16,0.15,201.14,38.31
ORD01029,2025-05-24,CUST0259,Furniture,Tables,Tables Product 4,North,5,55.59,0.05,264.05,24.65
ORD01030,2025-08-31,CUST0645,Furniture,Chairs,Chairs Product 5,East,1,54.18,0.1,48.76,8.32
ORD01031,2025-10-18,CUST0733,Accessories,Keyboards,Keyboards Product 5,North,2,129.09,0.2,206.54,6.81
ORD01032,2025-10-06,CUST0007,Accessories,Cables,Cables Product 8,North,2,158.68,0.0,317.36,29.24
ORD01033,2025-08-11,CUST0149,Furniture,Chairs,Chairs Product 1,South,2,82.95,0.05,157.6,32.45
ORD01034,2025-05-13,CUST0639,Furniture,Chairs,Chairs Product 3,West,4,47.57,0.05,180.77,15.15
ORD01035,2025-03-30,CUST0767,Furniture,Tables,Tables Product 6,East,5,100.6,0.05,477.85,119.21
ORD01036,2025-04-08,CUST0314,Furniture,Desks,Desks Product 1,South,4,31.34,0.05,119.09,27.56
ORD01037,2025-06-19,CUST0664,Electronics,Phones,Phones Product 4,North,5,25.18,0.05,119.61,17.29
ORD01038,2025-07-31,CUST0493,Office Supplies,Paper,Paper Product 3,North,2,29.87,0.0,59.74,9.37
ORD01039,2025-07-04,CUST0193,Office Supplies,Binders,Binders Product 7,South,1,123.68,0.1,111.31,23.0
ORD01040,2025-03-14,CUST0444,Furniture,Desks,Desks Product 5,West,2,77.88,0.05,147.97,28.69
ORD01041,2025-07-22,CUST0237,Accessories,Bags,Bags Product 4,West,1,75.21,0.05,71.45,14.31
ORD01042,2025-09-06,CUST0340,Furniture,Chairs,Chairs Product 7,West,5,48.96,0.05,232.56,59.89
ORD01043,2025-04-15,CUST0318,Accessories,Bags,Bags Product 2,West,4,30.61,0.0,122.44,22.08
ORD01044,2025-12-25,CUST0749,Office Supplies,Binders,Binders Product 3,South,1,20.5,0.2,16.4,2.65
ORD01045,2025-07-29,CUST0581,Furniture,Chairs,Chairs Product 5,North,4,46.43,0.0,185.72,46.85
ORD01046,2025-04-09,CUST0321,Office Supplies,Storage,Storage Product 8,North,3,10.39,0.0,31.17,8.56
ORD01047,2025-08-21,CUST0408,Furniture,Chairs,Chairs Product 8,North,2,33.38,0.15,56.75,10.38
ORD01048,2025-01-29,CUST0334,Office Supplies,Paper,Paper Product 5,North,2,39.74,0.0,79.48,9.88
ORD01049,2025-12-30,CUST0264,Furniture,Desks,Desks Product 2,North,2,22.49,0.1,40.48,5.53
ORD01050,2025-05-02,CUST0174,Furniture,Desks,Desks Product 7,West,2,29.78,0.0,59.56,6.1
ORD01051,2025-04-29,CUST0557,Furniture,Chairs,Chairs Product 1,South,1,43.65,0.0,43.65,8.01
ORD01052,2025-02-15,CUST0280,Office Supplies,Storage,Storage Product 2,North,3,36.22,0.05,103.23,16.01
ORD01053,2025-01-10,CUST0773,Furniture,Tables,Tables Product 1,West,5,48.26,0.1,217.17,16.67
ORD01054,2025-11-20,CUST0341,Office Supplies,Binders,Binders Product 6,South,2,36.29,0.2,58.06,12.86
ORD01055,2025-08-18,CUST0606,Accessories,Cables,Cables Product 2,North,3,161.65,0.0,484.95,44.98
ORD01056,2025-07-10,CUST0758,Electronics,Laptops,Laptops Product 4,South,1,124.16,0.0,124.16,24.88
ORD01057,2025-09-11,CUST0214,Accessories,Cables,Cables Product 6,West,4,24.77,0.05,94.13,21.74
ORD01058,2025-07-29,CUST0533,Accessories,Keyboards,Keyboards Product 4,East,5,31.42,0.1,141.39,24.82
ORD01059,2025-11-20,CUST0562,Electronics,Headphones,Headphones Product 5,East,5,84.88,,381.96,42.42
ORD01060,2025-03-23,CUST0136,Accessories,Bags,Bags Product 3,South,4,94.86,0.05,360.47,48.4
ORD01061,2025-04-23,CUST0766,Office Supplies,Storage,Storage Product 5,South,1,27.5,0.0,27.5,6.18
ORD01062,2025-08-24,CUST0055,Office Supplies,Storage,Storage Product 7,South,4,148.19,0.15,503.85,78.19
ORD01063,2025-06-30,CUST0618,Furniture,Desks,Desks Product 7,West,5,84.51,0.05,401.42,57.82
ORD01064,2025-09-17,CUST0773,Office Supplies,Storage,Storage Product 4,North,4,36.58,0.15,124.37,20.1
ORD01065,2025-09-19,CUST0113,Accessories,Cables,Cables Product 3,North,3,163.75,0.0,491.25,93.34
ORD01066,2025-09-01,CUST0077,Accessories,Bags,Bags Product 8,East,2,40.25,0.05,76.47,11.22
ORD01067,2025-03-05,CUST0713,Electronics,Phones,Phones Product 3,East,5,210.31,0.05,998.97,221.99
ORD01068,2025-11-14,CUST0158,Electronics,Headphones,Headphones Product 7,West,5,119.44,0.0,597.2,145.8
ORD01069,2025-12-20,CUST0796,Electronics,Headphones,Headphones Product 3,West,4,100.05,0.0,400.2,93.36
ORD01070,2025-12-07,CUST0103,Office Supplies,Paper,Paper Product 1,South,3,70.87,0.0,212.61,19.47
ORD01071,2025-07-09,CUST0422,Accessories,Keyboards,Keyboards Product 4,West,2,31.39,0.15,53.36,10.11
ORD01072,2025-03-11,CUST0423,Accessories,Cables,Cables Product 1,West,4,11.44,0.15,38.9,6.31
ORD01073,2025-10-24,CUST0430,Office Supplies,Binders,Binders Product 1,West,5,78.24,0.0,391.2,72.63
ORD01074,2025-07-05,CUST0305,Accessories,Cables,Cables Product 5,North,1,191.18,0.0,191.18,52.29
ORD01075,2025-07-21,CUST0741,Office Supplies,Paper,Paper Product 4,East,1,10.69,0.2,8.55,0.83
ORD01076,2025-12-26,CUST0719,Electronics,Laptops,Laptops Product 7,North,3,205.77,0.0,617.31,124.96
ORD01077,2025-03-18,CUST0144,Office Supplies,Paper,Paper Product 1,West,2,258.7,0.0,517.4,106.16
ORD01078,2025-05-28,CUST0069,Office Supplies,Paper,Paper Product 4,North,5,50.0,0.1,225.0,21.26
ORD01079,2025-12-18,CUST0388,Electronics,Headphones,Headphones Product 3,West,5,56.38,0.0,281.9,51.31
ORD01080,2025-01-28,CUST0306,Accessories,Bags,Bags Product 3,West,2,34.15,0.05,64.88,6.0
ORD01081,2025-08-02,CUST0056,Accessories,Bags,Bags Product 3,North,5,47.19,0.0,235.95,19.46
ORD01082,2025-05-08,CUST0342,Electronics,Phones,Phones Product 1,East,2,115.14,0.1,207.25,50.67
ORD01083,2025-03-21,CUST0651,Electronics,Phones,Phones Product 2,South,4,64.07,0.15,217.84,29.38
ORD01084,2025-05-24,CUST0636,Accessories,Cables,Cables Product 8,North,1,37.47,0.15,31.85,6.7
ORD01085,2025-10-04,CUST0783,Accessories,Cables,Cables Product 3,South,4,273.99,0.0,1095.96,127.38
ORD01086,2025-01-13,CUST0211,Furniture,Desks,Desks Product 5,South,3,34.9,0.1,94.23,17.93
ORD01087,2025-03-27,CUST0663,Furniture,Tables,Tables Product 5,West,1,52.98,0.0,52.98,6.95
ORD01088,2025-02-27,CUST0270,Electronics,Headphones,Headphones Product 4,North,2,36.89,0.1,66.4,11.2
ORD01089,2025-08-02,CUST0477,Accessories,Keyboards,Keyboards Product 8,East,3,45.4,0.05,129.39,29.61
ORD01090,2025-08-23,CUST0006,Furniture,Tables,Tables Product 3,West,4,16.2,0.1,58.32,7.86
ORD01091,2025-04-17,CUST0675,Office Supplies,Storage,Storage Product 7,South,2,148.21,0.0,296.42,50.92
ORD01092,2025-01-10,CUST0248,Furniture,Desks,Desks Product 4,East,3,52.8,0.0,158.4,26.05
ORD01093,2025-03-26,CUST0269,Office Supplies,Paper,Paper Product 6,North,3,184.94,0.0,554.82,91.21
ORD01094,2025-05-08,CUST0611,Accessories,Cables,Cables Product 3,East,1,26.92,0.1,24.23,2.98
ORD01095,2025-07-23,CUST0727,Furniture,Tables,Tables Product 7,North,2,154.28,0.2,246.85,35.97
ORD01096,2025-12-29,CUST0469,Office Supplies,Binders,Binders Product 3,South,5,171.79,0.0,858.95,97.14
ORD01097,2025-10-19,CUST0526,Electronics,Phones,Phones Product 2,South,3,97.63,0.05,278.25,58.73
ORD01098,2025-03-10,CUST0519,Office Supplies,Binders,Binders Product 7,South,1,61.7,0.05,58.62,12.58
ORD01099,2025-02-12,CUST0357,Electronics,Laptops,Laptops Product 3,West,2,23.35,0.2,37.36,3.55
ORD01100,2025-12-30,CUST0209,Furniture,Tables,Tables Product 6,South,4,21.26,0.0,85.04,13.65
ORD01101,2025-08-29,CUST0053,Furniture,Chairs,Chairs Product 4,South,3,46.73,0.0,140.19,26.74
ORD01102,2025-10-13,CUST0554,Accessories,Bags,Bags Product 1,South,5,64.16,0.15,272.68,50.03
ORD01103,2025-01-03,CUST0489,Furniture,Tables,Tables Product 5,North,5,159.1,0.1,715.95,96.99
ORD01104,2025-12-10,CUST0527,Electronics,Headphones,Headphones Product 8,East,1,179.86,0.05,170.87,38.43
ORD01105,2025-01-25,CUST0150,Office Supplies,Storage,Storage Product 2,South,5,123.2,0.1,554.4,61.0
ORD01106,2025-09-15,CUST0084,Electronics,Phones,Phones Product 6,North,1,45.77,0.0,45.77,9.7
ORD01107,2025-03-12,CUST0615,Electronics,Laptops,Laptops Product 2,East,5,189.53,0.0,947.65,117.9
ORD01108,2025-10-28,CUST0386,Furniture,Desks,Desks Product 3,West,4,41.54,0.0,166.16,34.1
ORD01109,2025-04-16,CUST0561,Accessories,Cables,Cables Product 8,North,1,168.4,0.15,143.14,19.41
ORD01110,2025-07-06,CUST0411,Accessories,Bags,Bags Product 3,West,1,69.78,0.1,62.8,10.17
ORD01111,2025-07-16,CUST0717,Furniture,Tables,Tables Product 6,South,4,48.57,0.05,184.57,45.98
ORD01112,2025-10-04,CUST0450,Electronics,Headphones,Headphones Product 2,North,5,106.62,0.05,506.44,36.45
ORD01113,2025-08-18,CUST0473,Accessories,Bags,Bags Product 8,South,2,30.57,0.0,61.14,15.41
ORD01114,2025-05-11,CUST0525,Electronics,Headphones,Headphones Product 5,East,2,25.77,0.1,46.39,6.19
ORD01115,2025-09-20,CUST0118,Furniture,Desks,Desks Product 8,North,1,117.98,0.0,117.98,12.57
ORD01116,2025-03-10,CUST0295,Accessories,Cables,Cables Product 2,South,4,86.91,0.05,330.26,34.66
ORD01117,2025-02-22,CUST0027,Electronics,Headphones,Headphones Product 1,East,4,68.47,0.2,219.1,36.68
ORD01118,2025-12-05,CUST0382,Accessories,Cables,Cables Product 3,East,4,20.7,0.1,74.52,17.2
ORD01119,2025-01-27,CUST0185,Accessories,Cables,Cables Product 4,East,1,42.53,0.0,42.53,6.76
ORD01120,2025-11-01,CUST0695,Furniture,Chairs,Chairs Product 1,West,3,307.98,0.0,923.94,105.79
ORD01121,2025-04-30,CUST0774,Electronics,Phones,Phones Product 8,West,4,33.4,0.0,133.6,21.19
ORD01122,2025-08-20,CUST0341,Office Supplies,Binders,Binders Product 5,North,2,113.57,0.05,215.78,26.51
ORD01123,2025-05-12,CUST0159,Electronics,Headphones,Headphones Product 6,West,3,104.88,0.0,314.64,81.92
ORD01124,2025-08-19,CUST0702,Furniture,Chairs,Chairs Product 2,North,1,69.67,0.05,66.19,8.24
ORD01125,2025-07-15,CUST0256,Furniture,Chairs,Chairs Product 2,North,4,24.81,0.05,94.28,11.35
ORD01126,2025-11-22,CUST0308,Electronics,Phones,Phones Product 7,East,1,164.62,0.05,156.39,25.85
ORD01127,2025-04-11,CUST0571,Furniture,Chairs,Chairs Product 8,South,1,75.17,0.05,71.41,15.82
ORD01128,2025-06-10,CUST0731,Accessories,Cables,Cables Product 8,West,1,95.74,0.0,95.74,22.66
ORD01129,2025-11-03,CUST0527,Furniture,Chairs,Chairs Product 2,North,1,38.31,0.15,32.56,4.96
ORD01130,2025-08-13,CUST0303,Electronics,Headphones,Headphones Product 6,West,5,104.62,0.0,523.1,79.12
ORD01131,2025-02-13,CUST0383,Electronics,Laptops,Laptops Product 1,South,3,99.2,0.05,282.72,26.35
ORD01132,2025-11-20,CUST0684,Electronics,Headphones,Headphones Product 8,West,2,46.06,0.0,92.12,20.97
ORD01133,2025-04-27,CUST0597,Furniture,Tables,Tables Product 5,North,4,92.11,0.0,368.44,53.15
ORD01134,2025-07-10,CUST0169,Office Supplies,Storage,Storage Product 7,West,1,26.56,0.05,25.23,4.68
ORD01135,2025-02-04,CUST0357,Furniture,Desks,Desks Product 2,North,4,38.84,0.1,139.82,31.06
ORD01136,2025-02-16,CUST0226,Accessories,Keyboards,Keyboards Product 6,South,3,49.98,0.0,149.94,17.93
ORD01137,2025-03-10,CUST0799,Electronics,Headphones,Headphones Product 8,West,3,25.71,0.0,77.13,15.42
ORD01138,2025-06-05,CUST0347,Accessories,Cables,Cables Product 8,North,4,32.21,0.0,128.84,10.56
ORD01139,2025-03-23,CUST0683,Furniture,Tables,Tables Product 6,East,1,30.67,0.15,26.07,5.38
ORD01140,2025-08-06,CUST0378,Electronics,Headphones,Headphones Product 3,South,1,79.34,0.1,71.41,9.2
ORD01141,2025-04-25,CUST0227,Office Supplies,Paper,Paper Product 5,East,4,87.19,0.1,313.88,77.27
ORD01142,2025-03-05,CUST0458,Office Supplies,Binders,Binders Product 6,North,5,245.98,0.1,1106.91,167.61
ORD01143,2025-12-14,CUST0747,Office Supplies,Storage,Storage Product 7,South,3,62.04,0.0,186.12,21.6
ORD01144,2025-05-18,CUST0310,Office Supplies,Binders,Binders Product 4,East,1,119.5,0.0,119.5,20.57
ORD01145,2025-04-11,CUST0211,Electronics,Phones,Phones Product 8,North,3,52.13,0.15,132.93,19.02
ORD01146,2025-11-05,CUST0016,Office Supplies,Paper,Paper Product 4,North,4,40.88,0.15,138.99,13.25
ORD01147,2025-12-12,CUST0741,Electronics,Laptops,Laptops Product 3,East,1,37.53,0.15,31.9,6.1
ORD01148,2025-07-28,CUST0151,Office Supplies,Binders,Binders Product 3,South,4,44.08,0.05,167.5,35.84
ORD01149,2025-09-26,CUST0025,Accessories,Cables,Cables Product 5,North,4,28.99,0.15,98.57,16.44
ORD01150,2025-10-12,CUST0410,Office Supplies,Storage,Storage Product 1,West,3,44.95,0.1,121.37,24.06
ORD01151,2025-05-13,CUST0029,Furniture,Desks,Desks Product 4,West,5,54.49,0.0,272.45,40.97
ORD01152,2025-09-19,CUST0306,Electronics,Laptops,Laptops Product 8,North,1,27.13,0.15,23.06,4.54
ORD01153,2025-02-01,CUST0585,Office Supplies,Paper,Paper Product 8,East,4,48.09,0.0,192.36,28.22
ORD01154,2025-08-26,CUST0307,Office Supplies,Binders,Binders Product 2,East,5,62.62,0.0,313.1,84.32
ORD01155,2025-07-21,CUST0227,Furniture,Desks,Desks Product 1,East,3,41.83,0.05,119.22,9.35
ORD01156,2025-08-20,CUST0546,Electronics,Laptops,Laptops Product 8,West,5,45.31,0.0,226.55,28.14
ORD01157,2025-04-28,CUST0059,Electronics,Laptops,Laptops Product 3,North,3,34.14,0.15,87.06,19.61
ORD01158,2025-08-30,CUST0507,Electronics,Laptops,Laptops Product 2,West,3,51.07,0.15,130.23,6.49
ORD01159,2025-08-26,CUST0011,Furniture,Desks,Desks Product 1,West,1,94.88,0.0,94.88,14.41
ORD01160,2025-02-21,CUST0207,Accessories,Cables,Cables Product 6,West,5,37.18,0.0,185.9,28.52
ORD01161,2025-10-16,CUST0480,Office Supplies,Paper,Paper Product 8,East,5,36.72,0.0,183.6,20.04
ORD01162,2025-01-08,CUST0649,Office Supplies,Paper,Paper Product 2,East,3,373.49,0.15,952.4,196.9
ORD01163,2025-04-20,CUST0029,Accessories,Keyboards,Keyboards Product 8,North,4,33.36,0.05,126.77,23.77
ORD01164,2025-09-09,CUST0623,Accessories,Bags,Bags Product 2,North,3,37.0,0.15,94.35,22.61
ORD01165,2025-11-24,CUST0306,Furniture,Chairs,Chairs Product 4,South,4,69.02,0.1,248.47,46.86
ORD01166,2025-12-13,CUST0675,Furniture,Desks,Desks Product 5,South,5,37.8,0.1,170.1,34.06
ORD01167,2025-02-08,CUST0135,Furniture,Desks,Desks Product 8,East,3,64.87,0.05,184.88,14.52
ORD01168,2025-12-09,CUST0709,Accessories,Keyboards,Keyboards Product 6,East,1,29.26,0.05,27.8,5.78
ORD01169,2025-01-01,CUST0390,Furniture,Chairs,Chairs Product 3,North,4,13.21,0.2,42.27,6.11
ORD01170,2025-01-31,CUST0203,Electronics,Headphones,Headphones Product 4,North,5,156.84,0.1,705.78,136.81
ORD01171,2025-04-26,CUST0337,Furniture,Tables,Tables Product 5,West,5,35.89,0.15,152.53,13.27
ORD01172,2025-03-04,CUST0114,Electronics,Phones,Phones Product 4,East,2,66.47,0.15,113.0,22.35
ORD01173,2025-12-28,CUST0485,Accessories,Cables,Cables Product 4,West,1,91.2,0.2,72.96,4.31
ORD01174,2025-04-03,CUST0139,Accessories,Cables,Cables Product 7,West,2,55.63,0.05,105.7,28.1
ORD01175,2025-06-20,CUST0165,Office Supplies,Binders,Binders Product 8,East,2,52.63,0.0,105.26,28.71
ORD01176,2025-10-17,CUST0020,Accessories,Cables,Cables Product 6,West,5,29.8,0.05,141.55,33.64
ORD01177,2025-09-03,CUST0067,Office Supplies,Binders,Binders Product 4,East,2,14.7,0.0,29.4,2.54
ORD01178,2025-09-02,CUST0664,Furniture,Desks,Desks Product 2,North,2,18.27,0.05,34.71,4.55
ORD01179,2025-02-28,CUST0026,Electronics,Phones,Phones Product 4,West,5,66.88,0.05,317.68,62.25
ORD01180,2025-01-03,CUST0348,Office Supplies,Paper,Paper Product 3,West,1,22.72,0.0,22.72,4.84
ORD01181,2025-03-28,CUST0179,Office Supplies,Binders,Binders Product 7,West,2,44.75,0.0,89.5,16.82
ORD01182,2025-07-26,CUST0319,Accessories,Cables,Cables Product 7,West,3,22.79,0.15,58.11,3.13
ORD01183,2025-02-13,CUST0626,Accessories,Cables,Cables Product 6,West,5,53.13,0.1,239.09,20.42
ORD01184,2025-07-21,CUST0591,Furniture,Chairs,Chairs Product 1,South,2,169.89,0.15,288.81,35.19
ORD01185,2025-06-10,CUST0526,Furniture,Chairs,Chairs Product 8,North,1,65.83,0.05,62.54,14.43
ORD01186,2025-07-27,CUST0649,Accessories,Keyboards,Keyboards Product 4,West,3,44.23,0.1,119.42,13.44
ORD01187,2025-11-26,CUST0467,Accessories,Bags,Bags Product 1,East,1,23.39,0.05,22.22,5.54
ORD01188,2025-10-01,CUST0204,Electronics,Laptops,Laptops Product 6,South,2,91.55,0.0,183.1,49.15
ORD01189,2025-01-02,CUST0753,Furniture,Tables,Tables Product 6,South,2,144.58,0.0,289.16,79.68
ORD01190,2025-11-17,CUST0342,Electronics,Laptops,Laptops Product 4,North,1,124.69,0.2,99.75,16.64
ORD01191,2025-03-15,CUST0333,Furniture,Desks,Desks Product 5,West,4,127.1,0.1,457.56,52.13
ORD01192,2025-09-06,CUST0432,Electronics,Laptops,Laptops Product 8,North,2,29.85,0.1,53.73,12.05
ORD01193,2025-07-02,CUST0126,Furniture,Desks,Desks Product 6,North,1,42.42,0.05,40.3,7.84
ORD01194,2025-08-23,CUST0643,Electronics,Headphones,Headphones Product 8,South,5,57.23,0.0,286.15,34.06
ORD01195,2025-03-23,CUST0235,Office Supplies,Binders,Binders Product 8,West,1,103.64,0.15,88.09,9.72
ORD01196,2025-10-22,CUST0443,Electronics,Headphones,Headphones Product 5,South,1,74.74,0.1,67.27,7.07
ORD01197,2025-08-29,CUST0496,Electronics,Phones,Phones Product 5,West,2,117.71,0.05,223.65,44.09
ORD01198,2025-06-10,CUST0118,Furniture,Tables,Tables Product 4,West,2,193.92,0.0,387.84,92.33
ORD01199,2025-12-20,CUST0267,Office Supplies,Paper,Paper Product 5,South,1,35.33,0.0,35.33,7.72
ORD01200,2025-12-04,CUST0701,Furniture,Chairs,Chairs Product 4,South,2,17.73,0.1,31.91,3.84
ORD01201,2025-08-07,CUST0735,Office Supplies,Paper,Paper Product 3,South,3,29.36,0.0,88.08,15.98
ORD01202,2025-11-29,CUST0387,Electronics,Laptops,Laptops Product 1,South,4,40.29,0.15,136.99,21.75
ORD01203,2025-03-13,CUST0602,Accessories,Keyboards,Keyboards Product 5,West,2,242.93,0.15,412.98,78.77
ORD01204,2025-11-04,CUST0471,Electronics,Headphones,Headphones Product 6,East,1,26.22,0.0,26.22,3.06
ORD01205,2025-01-16,CUST0763,Accessories,Bags,Bags Product 1,North,5,55.83,0.0,279.15,52.59
ORD01206,2025-06-16,CUST0024,Office Supplies,Paper,Paper Product 1,South,4,71.29,0.2,228.13,19.32
ORD01207,2025-01-22,CUST0213,Office Supplies,Storage,Storage Product 6,South,1,111.81,0.0,111.81,13.85
ORD01208,2025-11-28,CUST0307,Office Supplies,Paper,Paper Product 7,East,3,52.16,0.0,156.48,17.2
ORD01209,2025-01-28,CUST0562,Furniture,Tables,Tables Product 5,West,1,41.83,0.0,41.83,6.35
ORD01210,2025-12-14,CUST0663,Accessories,Cables,Cables Product 1,East,4,37.71,0.0,150.84,30.74
ORD01211,2025-12-26,CUST0736,Electronics,Phones,Phones Product 8,West,5,67.42,0.05,320.25,77.56
ORD01212,2025-07-28,CUST0521,Accessories,Keyboards,Keyboards Product 6,South,5,158.9,0.2,635.6,73.5
ORD01213,2025-07-30,CUST0579,Accessories,Keyboards,Keyboards Product 4,North,5,160.68,0.0,803.4,94.0
ORD01214,2025-10-18,CUST0137,Electronics,Laptops,Laptops Product 3,East,4,40.89,0.05,155.38,12.66
ORD01215,2025-03-20,CUST0778,Electronics,Laptops,Laptops Product 2,East,1,90.42,0.0,90.42,18.5
ORD01216,2025-09-27,CUST0746,Furniture,Chairs,Chairs Product 1,South,4,68.1,0.05,258.78,30.45
ORD01217,2025-11-27,CUST0028,Accessories,Bags,Bags Product 1,East,3,42.43,0.1,114.56,26.62
ORD01218,2025-04-27,CUST0752,Accessories,Keyboards,Keyboards Product 6,North,4,151.6,0.0,606.4,61.22
ORD01219,2025-09-10,CUST0542,Furniture,Chairs,Chairs Product 5,East,2,42.47,0.0,84.94,20.63
ORD01220,2025-06-29,CUST0420,Accessories,Keyboards,Keyboards Product 6,North,1,29.93,0.1,26.94,2.29
ORD01221,2025-11-25,CUST0314,Electronics,Headphones,Headphones Product 4,East,4,29.21,0.2,93.47,19.69
ORD01222,2025-10-03,CUST0162,Furniture,Chairs,Chairs Product 7,West,5,44.88,0.2,179.52,32.97
ORD01223,2025-09-01,CUST0419,Office Supplies,Storage,Storage Product 1,North,5,33.65,0.0,168.25,42.53
ORD01224,2025-12-30,CUST0447,Furniture,Tables,Tables Product 1,West,1,24.66,0.0,24.66,6.67
ORD01225,2025-01-10,CUST0175,Accessories,Bags,Bags Product 7,South,3,81.98,0.1,221.35,36.32
ORD01226,2025-02-06,CUST0289,Accessories,Bags,Bags Product 2,North,3,91.99,0.1,248.37,47.28
ORD01227,2025-10-06,CUST0524,Office Supplies,Paper,Paper Product 2,East,3,169.33,0.0,507.99,104.2
ORD01228,2025-09-20,CUST0310,Furniture,Chairs,Chairs Product 8,East,5,45.57,0.0,227.85,40.43
ORD01229,2025-08-04,CUST0641,Furniture,Desks,Desks Product 3,South,5,25.72,0.0,128.6,24.81
ORD01230,2025-03-20,CUST0669,Electronics,Headphones,Headphones Product 5,North,5,53.31,0.05,253.22,21.32
ORD01231,2025-11-03,CUST0545,Electronics,Phones,Phones Product 6,North,3,88.58,0.2,212.59,15.28
ORD01232,2025-12-14,CUST0727,Accessories,Bags,Bags Product 7,East,3,37.25,0.0,111.75,25.73
ORD01233,2025-08-03,CUST0454,Accessories,Keyboards,Keyboards Product 8,North,1,31.01,0.0,31.01,6.88
ORD01234,2025-05-17,CUST0126,Office Supplies,Paper,Paper Product 1,North,2,106.48,0.1,191.66,46.55
ORD01235,2025-02-15,CUST0778,Furniture,Tables,Tables Product 2,South,5,95.87,0.05,455.38,79.34
ORD01236,2025-07-09,CUST0782,Furniture,Desks,Desks Product 6,West,5,104.96,0.0,524.8,67.44
ORD01237,2025-08-13,CUST0431,Office Supplies,Paper,Paper Product 7,West,4,24.56,0.05,93.33,8.65
ORD01238,2025-09-27,CUST0053,Accessories,Bags,Bags Product 1,South,1,176.4,0.0,176.4,26.08
ORD01239,2025-01-17,CUST0280,Accessories,Keyboards,Keyboards Product 4,North,3,104.57,0.0,313.71,58.29
ORD01240,2025-03-24,CUST0559,Accessories,Keyboards,Keyboards Product 4,North,1,24.12,0.1,21.71,4.34
ORD01241,2025-11-03,CUST0521,Accessories,Bags,Bags Product 3,West,5,29.55,0.1,132.97,15.18
ORD01242,2025-10-19,CUST0267,Accessories,Bags,Bags Product 2,South,4,59.56,0.2,190.59,27.92
ORD01243,2025-05-18,CUST0750,Furniture,Desks,Desks Product 8,North,2,36.33,0.1,65.39,6.15
ORD01244,2025-12-05,CUST0520,Furniture,Tables,Tables Product 8,West,3,37.58,0.1,101.47,14.51
ORD01245,2025-10-28,CUST0066,Electronics,Headphones,Headphones Product 1,South,1,56.92,0.05,54.07,9.64
ORD01246,2025-09-06,CUST0271,Accessories,Bags,Bags Product 7,East,2,89.07,0.0,178.14,24.35
ORD01247,2025-04-04,CUST0480,Office Supplies,Binders,Binders Product 5,North,5,74.17,0.15,315.22,19.24
ORD01248,2025-04-02,CUST0697,Office Supplies,Storage,Storage Product 6,North,3,53.05,0.1,143.23,35.77
ORD01249,2025-05-06,CUST0246,Accessories,Bags,Bags Product 2,West,2,53.59,0.05,101.82,11.61
ORD01250,2025-02-28,CUST0314,Furniture,Tables,Tables Product 7,West,4,50.71,0.2,162.27,11.44
ORD01251,2025-08-05,CUST0548,Office Supplies,Storage,Storage Product 6,North,2,82.92,0.0,165.84,42.9
ORD01252,2025-11-21,CUST0408,Office Supplies,Storage,Storage Product 2,North,3,66.36,0.0,199.08,46.0
ORD01253,2025-12-05,CUST0152,Office Supplies,Binders,Binders Product 6,West,1,339.31,0.1,305.38,65.76
ORD01254,2025-09-22,CUST0500,Accessories,Bags,Bags Product 7,North,1,79.59,0.15,67.65,9.9
ORD01255,2025-03-15,CUST0561,Furniture,Tables,Tables Product 5,West,5,68.45,0.2,273.8,22.4
ORD01256,2025-04-16,CUST0768,Furniture,Desks,Desks Product 6,South,2,78.51,0.0,157.02,32.58
ORD01257,2025-09-01,CUST0583,Electronics,Headphones,Headphones Product 7,North,4,127.36,0.0,509.44,47.17
ORD01258,2025-05-04,CUST0263,Office Supplies,Paper,Paper Product 1,West,3,43.79,0.0,131.37,31.1
ORD01259,2025-02-20,CUST0349,Electronics,Laptops,Laptops Product 6,North,3,84.98,0.0,254.94,68.8
ORD01260,2025-01-03,CUST0089,Electronics,Phones,Phones Product 8,West,2,55.41,0.1,99.74,23.31
ORD01261,2025-09-01,CUST0142,Furniture,Tables,Tables Product 8,South,3,15.74,0.0,47.22,12.82
ORD01262,2025-07-02,CUST0313,Furniture,Chairs,Chairs Product 1,North,5,115.81,0.0,579.05,54.79
ORD01263,2025-02-20,CUST0602,Office Supplies,Binders,Binders Product 2,East,1,40.0,0.15,34.0,6.12
ORD01264,2025-01-17,CUST0067,Accessories,Cables,Cables Product 7,West,2,68.43,0.05,130.02,18.31
ORD01265,2025-09-01,CUST0528,Furniture,Desks,Desks Product 6,West,5,29.8,0.2,119.2,8.22
ORD01266,2025-11-23,CUST0214,Furniture,Desks,Desks Product 6,South,3,68.6,0.2,164.64,28.85
ORD01267,2025-09-30,CUST0052,Accessories,Cables,Cables Product 5,South,5,37.47,0.0,187.35,32.69
ORD01268,2025-05-23,CUST0732,Furniture,Chairs,Chairs Product 1,South,3,118.32,0.0,354.96,56.87
ORD01269,2025-09-29,CUST0362,Office Supplies,Paper,Paper Product 6,West,5,93.91,0.05,446.07,30.88
ORD01270,2025-12-29,CUST0564,Furniture,Desks,Desks Product 2,South,4,42.63,0.0,170.52,25.39
ORD01271,2025-06-19,CUST0335,Accessories,Bags,Bags Product 6,East,3,58.45,0.0,175.35,38.29
ORD01272,2025-03-03,CUST0247,Furniture,Chairs,Chairs Product 8,North,5,56.16,0.0,280.8,24.21
ORD01273,2025-12-02,CUST0776,Office Supplies,Binders,Binders Product 1,North,2,29.3,0.0,58.6,9.71
ORD01274,2025-11-08,CUST0559,Office Supplies,Storage,Storage Product 1,East,1,35.99,0.15,30.59,2.61
ORD01275,2025-06-23,CUST0562,Office Supplies,Storage,Storage Product 5,North,4,35.49,0.1,127.76,9.08
ORD01276,2025-05-29,CUST0587,Electronics,Laptops,Laptops Product 4,North,4,30.5,0.0,122.0,19.53
ORD01277,2025-09-03,CUST0244,Electronics,Phones,Phones Product 6,East,2,114.09,0.15,193.95,28.05
ORD01278,2025-09-24,CUST0646,Electronics,Laptops,Laptops Product 6,North,1,91.14,0.15,77.47,16.97
ORD01279,2025-10-18,CUST0020,Office Supplies,Binders,Binders Product 2,West,4,53.2,0.0,212.8,55.14
ORD01280,2025-11-23,CUST0785,Electronics,Headphones,Headphones Product 7,North,5,169.02,0.0,845.1,161.19
ORD01281,2025-05-03,CUST0219,Furniture,Desks,Desks Product 2,West,3,24.89,0.05,70.94,12.57
ORD01282,2025-06-04,CUST0327,Furniture,Chairs,Chairs Product 4,South,4,82.71,0.1,297.76,66.19
ORD01283,2025-07-26,CUST0272,Office Supplies,Binders,Binders Product 4,North,1,21.14,0.0,21.14,2.42
ORD01284,2025-02-11,CUST0348,Accessories,Bags,Bags Product 3,South,3,30.1,0.05,85.79,17.27
ORD01285,2025-01-23,CUST0697,Electronics,Headphones,Headphones Product 8,West,3,123.83,0.05,352.92,77.24
ORD01286,2025-09-08,CUST0745,Accessories,Cables,Cables Product 8,West,3,76.65,0.05,218.45,51.2
ORD01287,2025-09-18,CUST0113,Furniture,Chairs,Chairs Product 5,South,2,63.39,0.1,114.1,21.92
ORD01288,2025-12-05,CUST0685,Office Supplies,Binders,Binders Product 2,South,2,31.4,0.15,53.38,12.34
ORD01289,2025-04-13,CUST0118,Electronics,Laptops,Laptops Product 3,South,2,26.71,0.1,48.08,11.94
ORD01290,2025-03-06,CUST0007,Office Supplies,Binders,Binders Product 2,North,4,87.75,0.2,280.8,41.69
ORD01291,2025-08-24,CUST0319,Furniture,Desks,Desks Product 7,South,3,63.49,0.15,161.9,20.5
ORD01292,2025-06-20,CUST0330,Accessories,Bags,Bags Product 8,West,1,68.64,0.0,68.64,9.9
ORD01293,2025-06-08,CUST0789,Accessories,Bags,Bags Product 8,East,1,69.81,0.0,69.81,16.65
ORD01294,2025-04-26,CUST0761,Electronics,Headphones,Headphones Product 3,West,1,39.05,0.0,39.05,3.74
ORD01295,2025-07-21,CUST0284,Office Supplies,Binders,Binders Product 7,North,4,37.28,0.1,134.21,25.05
ORD01296,2025-10-04,CUST0289,Office Supplies,Binders,Binders Product 3,South,3,65.66,0.05,187.13,32.19
ORD01297,2025-06-02,CUST0410,Electronics,Headphones,Headphones Product 7,South,5,82.48,0.0,412.4,52.11
ORD01298,2025-07-29,CUST0661,Furniture,Chairs,Chairs Product 7,East,2,31.65,0.0,63.3,7.27
ORD01299,2025-11-02,CUST0093,Furniture,Desks,Desks Product 6,South,4,53.68,0.0,214.72,51.5
ORD01300,2025-08-18,CUST0421,Electronics,Phones,Phones Product 1,North,5,81.84,0.15,347.82,56.88
ORD01301,2025-07-23,CUST0635,Electronics,Headphones,Headphones Product 2,West,1,57.55,0.0,57.55,13.55
ORD01302,2025-03-31,CUST0757,Office Supplies,Binders,Binders Product 5,West,4,87.2,0.05,331.36,38.29
ORD01303,2025-07-13,CUST0008,Furniture,Chairs,Chairs Product 5,East,2,60.67,0.2,97.07,10.56
ORD01304,2025-03-30,CUST0293,Accessories,Bags,Bags Product 6,West,1,81.09,0.0,81.09,16.5
ORD01305,2025-02-19,CUST0761,Furniture,Tables,Tables Product 6,East,2,18.07,0.15,30.72,5.57
ORD01306,2025-01-07,CUST0591,Furniture,Tables,Tables Product 6,North,4,70.44,0.0,281.76,75.08
ORD01307,2025-12-13,CUST0457,Accessories,Bags,Bags Product 1,South,2,138.25,0.0,276.5,32.22
ORD01308,2025-11-27,CUST0441,Furniture,Desks,Desks Product 8,East,5,125.68,0.05,596.98,129.36
ORD01309,2025-08-11,CUST0178,Office Supplies,Binders,Binders Product 7,West,2,72.71,0.15,123.61,22.81
ORD01310,2025-11-24,CUST0244,Electronics,Phones,Phones Product 4,North,4,26.47,0.0,105.88,26.99
ORD01311,2025-04-01,CUST0733,Accessories,Keyboards,Keyboards Product 4,West,1,64.09,0.0,64.09,16.64
ORD01312,2025-07-04,CUST0320,Office Supplies,Paper,Paper Product 4,West,4,59.84,0.2,191.49,36.48
ORD01313,2025-01-09,CUST0364,Electronics,Phones,Phones Product 5,North,4,65.55,0.1,235.98,20.38
ORD01314,2025-06-26,CUST0112,Furniture,Chairs,Chairs Product 2,South,3,61.44,0.15,156.67,18.0
ORD01315,2025-08-21,CUST0286,Office Supplies,Binders,Binders Product 4,North,5,74.86,0.0,374.3,95.19
ORD01316,2025-01-23,CUST0328,Electronics,Laptops,Laptops Product 7,East,4,37.29,0.1,134.24,18.85
ORD01317,2025-04-20,CUST0773,Accessories,Bags,Bags Product 2,North,2,28.69,0.1,51.64,7.17
ORD01318,2025-09-14,CUST0514,Office Supplies,Binders,Binders Product 7,North,2,90.99,0.0,181.98,41.1
ORD01319,2025-08-20,CUST0697,Office Supplies,Paper,Paper Product 6,North,5,100.8,0.1,453.6,41.1
ORD01320,2025-10-27,CUST0040,Accessories,Bags,Bags Product 7,South,4,110.91,,399.28,49.36
ORD01321,2025-05-31,CUST0303,Office Supplies,Storage,Storage Product 1,West,2,131.02,0.05,248.94,42.54
ORD01322,2025-01-05,CUST0430,Office Supplies,Binders,Binders Product 2,North,1,131.78,0.0,131.78,20.88
ORD01323,2025-12-28,CUST0775,Electronics,Laptops,Laptops Product 4,East,3,98.2,0.0,294.6,42.51
ORD01324,2025-08-09,CUST0759,Office Supplies,Paper,Paper Product 7,West,2,156.2,0.1,281.16,33.59
ORD01325,2025-05-06,CUST0031,Furniture,Chairs,Chairs Product 5,West,2,222.82,0.0,445.64,79.41
ORD01326,2025-11-08,CUST0061,Furniture,Chairs,Chairs Product 4,East,2,74.78,0.2,119.65,25.69
ORD01327,2025-09-09,CUST0031,Furniture,Tables,Tables Product 3,East,3,25.2,0.15,64.26,3.59
ORD01328,2025-03-25,CUST0538,Accessories,Cables,Cables Product 7,West,1,60.96,0.1,54.86,11.55
ORD01329,2025-02-19,CUST0359,Office Supplies,Storage,Storage Product 2,East,1,20.87,0.1,18.78,4.28
ORD01330,2025-10-14,CUST0405,Electronics,Phones,Phones Product 5,South,4,64.22,0.0,256.88,62.95
ORD01331,2025-01-13,CUST0373,Electronics,Laptops,Laptops Product 3,East,4,39.06,0.05,148.43,14.46
ORD01332,2025-09-13,CUST0275,Electronics,Laptops,Laptops Product 3,South,1,46.13,0.05,43.82,4.8
ORD01333,2025-02-16,CUST0492,Electronics,Phones,Phones Product 6,South,3,69.15,0.0,207.45,31.12
ORD01334,2025-05-15,CUST0156,Electronics,Phones,Phones Product 5,North,4,23.22,0.0,92.88,7.93
ORD01335,2025-01-15,CUST0235,Electronics,Phones,Phones Product 7,East,5,110.2,0.05,523.45,111.54
ORD01336,2025-12-14,CUST0291,Office Supplies,Binders,Binders Product 1,North,5,42.51,0.0,212.55,22.35
ORD01337,2025-05-19,CUST0603,Electronics,Phones,Phones Product 5,West,3,301.58,0.1,814.27,89.41
ORD01338,2025-09-01,CUST0136,Furniture,Chairs,Chairs Product 6,East,4,68.44,0.0,273.76,58.04
ORD01339,2025-05-27,CUST0634,Accessories,Cables,Cables Product 5,East,4,105.24,0.15,357.82,70.94
ORD01340,2025-11-17,CUST0191,Office Supplies,Binders,Binders Product 2,South,3,44.07,0.15,112.38,7.86
ORD01341,2025-05-24,CUST0651,Furniture,Chairs,Chairs Product 3,North,1,111.35,0.05,105.78,9.29
ORD01342,2025-02-06,CUST0452,Office Supplies,Storage,Storage Product 5,North,2,43.79,,74.44,17.82
ORD01343,2025-12-20,CUST0054,Accessories,Bags,Bags Product 2,East,2,65.41,0.1,117.74,22.39
ORD01344,2025-05-27,CUST0126,Furniture,Chairs,Chairs Product 5,West,4,16.79,0.0,67.16,13.38
ORD01345,2025-09-23,CUST0340,Electronics,Laptops,Laptops Product 3,West,3,179.06,0.1,483.46,90.34
ORD01346,2025-07-30,CUST0448,Accessories,Keyboards,Keyboards Product 4,East,5,134.07,0.0,670.35,153.42
ORD01347,2025-08-08,CUST0760,Furniture,Tables,Tables Product 3,East,3,63.49,0.05,180.95,18.64
ORD01348,2025-01-10,CUST0631,Electronics,Headphones,Headphones Product 3,West,2,66.49,0.05,126.33,9.12
ORD01349,2025-10-28,CUST0473,Accessories,Keyboards,Keyboards Product 8,South,5,29.47,0.05,139.98,36.4
ORD01350,2025-01-22,CUST0307,Furniture,Tables,Tables Product 1,South,5,43.5,0.1,195.75,45.86
ORD01351,2025-09-27,CUST0418,Accessories,Cables,Cables Product 8,East,4,62.62,0.15,212.91,39.76
ORD01352,2025-07-28,CUST0454,Electronics,Headphones,Headphones Product 7,South,5,29.49,0.05,140.08,11.98
ORD01353,2025-08-25,CUST0015,Furniture,Chairs,Chairs Product 2,South,3,159.61,0.0,478.83,104.81
ORD01354,2025-09-07,CUST0647,Electronics,Phones,Phones Product 2,East,1,92.76,0.1,83.48,14.56
ORD01355,2025-12-23,CUST0586,Accessories,Keyboards,Keyboards Product 5,South,1,83.48,0.0,83.48,8.94
ORD01356,2025-04-28,CUST0166,Office Supplies,Binders,Binders Product 5,North,1,56.54,0.2,45.23,3.65
ORD01357,2025-11-08,CUST0319,Accessories,Cables,Cables Product 1,West,5,21.86,0.0,109.3,19.08
ORD01358,2025-04-14,CUST0014,Furniture,Tables,Tables Product 1,West,3,89.26,0.05,254.39,61.68
ORD01359,2025-04-22,CUST0275,Furniture,Chairs,Chairs Product 4,North,5,61.78,0.1,278.01,24.85
ORD01360,2025-10-13,CUST0123,Office Supplies,Paper,Paper Product 6,North,5,55.86,0.0,279.3,50.26
ORD01361,2025-10-11,CUST0563,Furniture,Tables,Tables Product 7,North,5,66.64,0.15,283.22,52.05
ORD01362,2025-12-15,CUST0256,Electronics,Laptops,Laptops Product 7,North,2,25.75,0.0,51.5,7.24
ORD01363,2025-11-26,CUST0571,Electronics,Laptops,Laptops Product 2,West,3,45.09,0.0,135.27,36.46
ORD01364,2025-04-08,CUST0401,Furniture,Chairs,Chairs Product 3,East,5,24.86,0.0,124.3,19.11
ORD01365,2025-06-07,CUST0158,Office Supplies,Binders,Binders Product 7,West,4,52.44,0.05,199.27,22.2
ORD01366,2025-09-06,CUST0352,Office Supplies,Binders,Binders Product 5,South,3,129.72,0.0,389.16,57.95
ORD01367,2025-12-18,CUST0667,Furniture,Desks,Desks Product 3,North,4,62.58,0.0,250.32,50.59
ORD01368,2025-11-11,CUST0015,Electronics,Phones,Phones Product 5,South,5,95.25,0.2,381.0,28.03
ORD01369,2025-02-20,CUST0699,Furniture,Desks,Desks Product 7,South,4,112.29,0.0,449.16,104.66
ORD01370,2025-03-26,CUST0236,Office Supplies,Storage,Storage Product 1,East,1,158.91,0.05,150.96,14.96
ORD01371,2025-12-20,CUST0616,Furniture,Chairs,Chairs Product 6,East,1,36.32,0.0,36.32,7.8
ORD01372,2025-06-25,CUST0446,Electronics,Phones,Phones Product 6,South,4,18.44,0.0,73.76,16.32
ORD01373,2025-07-04,CUST0380,Electronics,Laptops,Laptops Product 7,West,5,132.89,0.15,564.78,84.36
ORD01374,2025-01-31,CUST0026,Furniture,Desks,Desks Product 2,West,5,38.65,0.0,193.25,18.48
ORD01375,2025-08-17,CUST0754,Office Supplies,Storage,Storage Product 7,South,2,45.26,0.05,85.99,16.79
ORD01376,2025-02-12,CUST0309,Office Supplies,Storage,Storage Product 2,West,4,90.17,0.2,288.54,10.5
ORD01377,2025-02-21,CUST0097,Accessories,Bags,Bags Product 7,South,5,10.37,0.05,49.26,12.52
ORD01378,2025-01-14,CUST0391,Furniture,Chairs,Chairs Product 4,North,5,48.07,0.15,204.3,18.74
ORD01379,2025-09-15,CUST0525,Office Supplies,Paper,Paper Product 1,East,4,132.6,0.05,503.88,104.15
ORD01380,2025-02-25,CUST0675,Furniture,Desks,Desks Product 2,East,4,53.31,0.0,213.24,58.61
ORD01381,2025-09-17,CUST0487,Electronics,Phones,Phones Product 8,South,4,82.79,0.0,331.16,92.25
ORD01382,2025-12-06,CUST0019,Furniture,Desks,Desks Product 6,North,4,45.07,0.1,162.25,35.76
ORD01383,2025-12-01,CUST0074,Furniture,Tables,Tables Product 3,East,3,50.4,0.15,128.52,17.35
ORD01384,2025-03-20,CUST0112,Accessories,Bags,Bags Product 6,South,3,18.94,0.0,56.82,5.81
ORD01385,2025-04-23,CUST0362,Office Supplies,Binders,Binders Product 8,East,1,20.64,0.0,20.64,3.34
ORD01386,2025-04-11,CUST0669,Furniture,Tables,Tables Product 3,West,1,30.77,0.15,26.15,5.23
ORD01387,2025-12-30,CUST0442,Office Supplies,Binders,Binders Product 8,South,2,77.79,0.15,132.24,28.29
ORD01388,2025-05-01,CUST0477,Furniture,Chairs,Chairs Product 6,East,4,212.08,0.1,763.49,96.76
ORD01389,2025-03-20,CUST0156,Electronics,Phones,Phones Product 6,East,4,81.43,0.1,293.15,55.81
ORD01390,2025-10-17,CUST0373,Electronics,Phones,Phones Product 5,South,5,107.86,0.0,539.3,79.34
ORD01391,2025-03-17,CUST0478,Accessories,Bags,Bags Product 7,North,5,55.77,0.0,278.85,37.16
ORD01392,2025-12-13,CUST0178,Office Supplies,Storage,Storage Product 1,North,3,43.6,0.05,124.26,11.66
ORD01393,2025-06-18,CUST0302,Accessories,Cables,Cables Product 3,West,5,54.38,0.05,258.31,67.55
ORD01394,2025-05-05,CUST0162,Office Supplies,Paper,Paper Product 5,South,3,26.99,0.1,72.87,14.63
ORD01395,2025-05-20,CUST0633,Furniture,Desks,Desks Product 4,North,5,34.44,0.0,172.2,30.92
ORD01396,2025-10-25,CUST0681,Furniture,Tables,Tables Product 5,East,5,68.25,0.05,324.19,61.99
ORD01397,2025-11-15,CUST0555,Electronics,Headphones,Headphones Product 3,South,4,26.3,0.15,89.42,20.94
ORD01398,2025-01-11,CUST0336,Office Supplies,Binders,Binders Product 1,East,2,52.46,0.0,104.92,23.8
ORD01399,2025-09-11,CUST0753,Electronics,Laptops,Laptops Product 2,East,3,94.51,0.1,255.18,30.14
ORD01400,2025-12-26,CUST0574,Furniture,Chairs,Chairs Product 4,North,5,24.0,0.1,108.0,7.02
ORD01401,2025-05-15,CUST0552,Furniture,Tables,Tables Product 5,North,1,145.06,0.0,145.06,21.76
ORD01402,2025-04-16,CUST0184,Accessories,Keyboards,Keyboards Product 2,South,3,34.26,0.05,97.64,8.69
ORD01403,2025-11-13,CUST0171,Electronics,Laptops,Laptops Product 4,West,5,112.2,0.05,532.95,88.33
ORD01404,2025-05-17,CUST0542,Office Supplies,Binders,Binders Product 4,North,1,40.71,0.0,40.71,4.65
ORD01405,2025-11-26,CUST0461,Furniture,Chairs,Chairs Product 7,South,3,22.0,0.05,62.7,10.44
ORD01406,2025-03-25,CUST0603,Electronics,Phones,Phones Product 2,West,3,28.96,0.05,82.54,21.81
ORD01407,2025-08-10,CUST0094,Furniture,Desks,Desks Product 3,West,4,62.71,0.1,225.76,33.37
ORD01408,2025-04-13,CUST0196,Office Supplies,Binders,Binders Product 3,South,2,14.88,0.0,29.76,5.75
ORD01409,2025-03-01,CUST0022,Office Supplies,Binders,Binders Product 1,West,3,29.57,0.05,84.27,11.63
ORD01410,2025-01-04,CUST0756,Accessories,Keyboards,Keyboards Product 7,South,4,108.05,0.0,432.2,98.99
ORD01411,2025-02-09,CUST0771,Office Supplies,Paper,Paper Product 8,North,3,64.43,0.1,173.96,43.71
ORD01412,2025-01-02,CUST0550,Accessories,Keyboards,Keyboards Product 4,North,1,11.62,0.0,11.62,1.7
ORD01413,2025-12-31,CUST0743,Accessories,Keyboards,Keyboards Product 1,East,5,53.0,0.15,225.25,27.16
ORD01414,2025-05-06,CUST0289,Accessories,Keyboards,Keyboards Product 2,East,3,68.06,0.0,204.18,28.79
ORD01415,2025-12-17,CUST0609,Electronics,Headphones,Headphones Product 3,West,4,78.03,0.05,296.51,21.73
ORD01416,2025-03-04,CUST0663,Furniture,Chairs,Chairs Product 2,North,3,129.7,0.0,389.1,79.69
ORD01417,2025-09-15,CUST0287,Electronics,Phones,Phones Product 5,North,3,86.91,0.15,221.62,18.7
ORD01418,2025-09-24,CUST0564,Accessories,Bags,Bags Product 2,West,2,105.12,0.2,168.19,8.85
ORD01419,2025-09-18,CUST0242,Furniture,Chairs,Chairs Product 7,South,1,81.77,0.15,69.5,15.57
ORD01420,2025-01-07,CUST0036,Electronics,Headphones,Headphones Product 6,West,4,91.42,0.1,329.11,57.65
ORD01421,2025-04-25,CUST0358,Electronics,Laptops,Laptops Product 4,North,3,108.64,0.2,260.74,59.55
ORD01422,2025-12-17,CUST0324,Electronics,Laptops,Laptops Product 2,North,3,83.08,0.15,211.85,32.75
ORD01423,2025-11-13,CUST0425,Accessories,Cables,Cables Product 4,West,1,38.71,0.0,38.71,4.33
ORD01424,2025-11-14,CUST0295,Electronics,Headphones,Headphones Product 1,North,5,75.47,0.0,377.35,89.66
ORD01425,2025-01-05,CUST0448,Accessories,Cables,Cables Product 3,West,3,121.45,0.15,309.7,70.65
ORD01426,2025-10-10,CUST0138,Office Supplies,Storage,Storage Product 2,West,2,45.13,0.0,90.26,17.53
ORD01427,2025-05-03,CUST0115,Furniture,Desks,Desks Product 3,South,5,79.31,0.0,396.55,90.44
ORD01428,2025-12-16,CUST0048,Electronics,Laptops,Laptops Product 5,North,4,103.58,0.05,393.6,67.54
ORD01429,2025-08-16,CUST0300,Accessories,Cables,Cables Product 6,North,1,78.96,0.0,78.96,15.99
ORD01430,2025-03-07,CUST0044,Accessories,Cables,Cables Product 7,North,3,81.91,0.05,233.44,30.33
ORD01431,2025-03-15,CUST0243,Office Supplies,Storage,Storage Product 7,West,2,64.08,0.05,121.75,17.95
ORD01432,2025-09-06,CUST0581,Office Supplies,Storage,Storage Product 2,East,1,46.95,0.05,44.6,6.11
ORD01433,2025-12-25,CUST0591,Electronics,Laptops,Laptops Product 3,North,4,76.69,0.1,276.08,19.04
ORD01434,2025-05-25,CUST0562,Furniture,Chairs,Chairs Product 4,West,4,70.89,0.1,255.2,27.44
ORD01435,2025-10-09,CUST0115,Accessories,Keyboards,Keyboards Product 8,East,1,64.85,0.0,64.85,14.23
ORD01436,2025-02-17,CUST0138,Office Supplies,Storage,Storage Product 7,South,2,134.52,0.0,269.04,39.58
ORD01437,2025-06-29,CUST0694,Furniture,Tables,Tables Product 8,South,5,109.95,0.05,522.26,89.01
ORD01438,2025-04-02,CUST0442,Accessories,Bags,Bags Product 2,North,2,70.24,0.1,126.43,28.32
ORD01439,2025-09-02,CUST0764,Electronics,Headphones,Headphones Product 6,North,2,119.33,0.15,202.86,40.44
ORD01440,2025-04-21,CUST0488,Office Supplies,Binders,Binders Product 7,South,4,50.67,0.05,192.55,40.32
ORD01441,2025-09-14,CUST0042,Office Supplies,Paper,Paper Product 2,East,2,49.74,0.0,99.48,15.05
ORD01442,2025-08-22,CUST0422,Accessories,Cables,Cables Product 4,West,5,30.33,0.05,144.07,30.96
ORD01443,2025-01-13,CUST0761,Electronics,Laptops,Laptops Product 7,East,3,32.7,0.0,98.1,19.7
ORD01444,2025-09-18,CUST0165,Electronics,Laptops,Laptops Product 7,East,3,105.77,0.15,269.71,38.24
ORD01445,2025-10-09,CUST0219,Office Supplies,Binders,Binders Product 5,East,5,43.49,0.0,217.45,50.2
ORD01446,2025-06-27,CUST0568,Electronics,Laptops,Laptops Product 4,South,3,36.56,0.1,98.71,11.33
ORD01447,2025-07-12,CUST0264,Electronics,Phones,Phones Product 3,East,4,217.74,0.0,870.96,233.8
ORD01448,2025-01-14,CUST0144,Accessories,Cables,Cables Product 7,East,4,54.2,0.0,216.8,26.21
ORD01449,2025-11-17,CUST0307,Furniture,Desks,Desks Product 8,North,2,43.97,0.0,87.94,9.8
ORD01450,2025-07-29,CUST0536,Electronics,Headphones,Headphones Product 8,North,2,41.79,0.05,79.4,8.95
ORD01451,2025-01-31,CUST0711,Electronics,Laptops,Laptops Product 7,East,4,21.16,0.2,67.71,9.44
ORD01452,2025-02-14,CUST0511,Furniture,Desks,Desks Product 5,East,4,278.36,0.0,1113.44,311.55
ORD01453,2025-08-23,CUST0482,Accessories,Bags,Bags Product 4,South,5,53.13,0.2,212.52,44.83
ORD01454,2025-10-12,CUST0062,Accessories,Bags,Bags Product 5,North,5,32.23,0.0,161.15,18.07
ORD01455,2025-03-19,CUST0174,Accessories,Keyboards,Keyboards Product 2,West,3,151.1,0.1,407.97,73.94
ORD01456,2025-02-01,CUST0059,Office Supplies,Storage,Storage Product 2,East,4,38.63,0.0,154.52,34.71
ORD01457,2025-04-02,CUST0660,Electronics,Phones,Phones Product 8,South,1,119.32,0.0,119.32,31.81
ORD01458,2025-11-09,CUST0026,Furniture,Chairs,Chairs Product 7,East,2,57.81,0.15,98.28,16.51
ORD01459,2025-07-29,CUST0087,Accessories,Bags,Bags Product 3,South,5,63.35,0.0,316.75,77.02
ORD01460,2025-11-01,CUST0284,Office Supplies,Paper,Paper Product 4,West,4,42.72,0.05,162.34,40.74
ORD01461,2025-09-16,CUST0222,Furniture,Chairs,Chairs Product 4,South,2,43.2,0.2,69.12,15.26
ORD01462,2025-06-08,CUST0420,Office Supplies,Paper,Paper Product 5,North,3,66.81,0.1,180.39,35.12
ORD01463,2025-02-11,CUST0055,Accessories,Keyboards,Keyboards Product 1,East,2,63.36,0.0,126.72,13.84
ORD01464,2025-03-19,CUST0112,Furniture,Chairs,Chairs Product 5,North,4,52.56,0.1,189.22,35.95
ORD01465,2025-08-27,CUST0257,Furniture,Tables,Tables Product 1,North,5,40.56,0.0,202.8,49.11
ORD01466,2025-09-29,CUST0042,Office Supplies,Binders,Binders Product 1,East,1,45.43,0.05,43.16,9.11
ORD01467,2025-09-07,CUST0178,Office Supplies,Paper,Paper Product 1,West,1,412.98,0.0,412.98,91.94
ORD01468,2025-03-14,CUST0422,Electronics,Phones,Phones Product 8,West,5,38.74,0.15,164.65,17.74
ORD01469,2025-09-22,CUST0756,Accessories,Bags,Bags Product 4,North,4,78.12,0.15,265.61,45.14
ORD01470,2025-03-07,CUST0423,Furniture,Chairs,Chairs Product 7,North,1,106.17,0.1,95.55,15.59
ORD01471,2025-05-24,CUST0124,Electronics,Headphones,Headphones Product 5,East,5,38.44,0.2,153.76,20.2
ORD01472,2025-06-05,CUST0188,Accessories,Bags,Bags Product 3,North,2,112.51,0.1,202.52,36.78
ORD01473,2025-01-04,CUST0026,Electronics,Phones,Phones Product 2,East,1,173.28,0.05,164.62,34.96
ORD01474,2025-12-10,CUST0180,Office Supplies,Binders,Binders Product 1,South,5,18.64,0.15,79.22,14.47
ORD01475,2025-08-30,CUST0581,Furniture,Desks,Desks Product 3,South,3,41.22,0.2,98.93,7.55
ORD01476,2025-03-08,CUST0117,Office Supplies,Paper,Paper Product 8,West,1,95.75,0.0,95.75,21.53
ORD01477,2025-11-12,CUST0190,Accessories,Bags,Bags Product 2,North,5,224.03,0.05,1064.14,178.38
ORD01478,2025-01-08,CUST0685,Furniture,Chairs,Chairs Product 4,West,5,32.11,0.0,160.55,34.47
ORD01479,2025-01-18,CUST0288,Electronics,Phones,Phones Product 7,East,3,33.75,0.0,101.25,15.41
ORD01480,2025-12-14,CUST0796,Furniture,Tables,Tables Product 4,West,5,28.71,0.1,129.2,32.06
ORD01481,2025-04-12,CUST0059,Accessories,Keyboards,Keyboards Product 4,East,3,35.29,0.2,84.7,11.59
ORD01482,2025-07-17,CUST0459,Electronics,Laptops,Laptops Product 3,North,3,141.34,0.05,402.82,59.9
ORD01483,2025-04-16,CUST0580,Accessories,Keyboards,Keyboards Product 7,South,5,71.56,0.0,357.8,89.94
ORD01484,2025-09-04,CUST0047,Electronics,Laptops,Laptops Product 8,East,1,24.19,0.0,24.19,5.5
ORD01485,2025-06-19,CUST0280,Furniture,Tables,Tables Product 1,East,5,38.99,0.0,194.95,24.18
ORD01486,2025-06-04,CUST0604,Electronics,Laptops,Laptops Product 5,West,5,50.8,0.0,254.0,26.78
ORD01487,2025-08-12,CUST0348,Office Supplies,Storage,Storage Product 7,East,3,32.36,0.05,92.23,22.08
ORD01488,2025-02-01,CUST0007,Electronics,Phones,Phones Product 1,East,3,64.79,0.0,194.37,48.44
ORD01489,2025-06-25,CUST0051,Accessories,Keyboards,Keyboards Product 2,South,1,16.22,0.1,14.6,3.15
ORD01490,2025-10-19,CUST0794,Furniture,Tables,Tables Product 4,North,4,50.14,0.0,200.56,31.16
ORD01491,2025-08-04,CUST0221,Electronics,Laptops,Laptops Product 6,South,4,49.88,0.0,199.52,40.79
ORD01492,2025-01-14,CUST0634,Office Supplies,Binders,Binders Product 2,East,2,46.44,0.1,83.59,18.03
ORD01493,2025-11-02,CUST0307,Accessories,Keyboards,Keyboards Product 3,West,3,57.32,0.2,137.57,28.66
ORD01494,2025-11-10,CUST0062,Electronics,Headphones,Headphones Product 6,North,4,30.94,0.1,111.38,17.81
ORD01495,2025-01-14,CUST0047,Office Supplies,Storage,Storage Product 5,West,3,278.38,0.0,835.14,142.41
ORD01496,2025-07-26,CUST0595,Furniture,Desks,Desks Product 1,East,4,41.98,0.0,167.92,25.99
ORD01497,2025-10-11,CUST0655,Furniture,Tables,Tables Product 6,South,3,126.85,0.0,380.55,80.49
ORD01498,2025-02-12,CUST0414,Accessories,Cables,Cables Product 1,East,1,55.06,0.1,49.55,4.94
ORD01499,2025-05-18,CUST0666,Furniture,Chairs,Chairs Product 1,South,3,26.69,0.15,68.06,6.12
ORD01500,2025-02-27,CUST0230,Electronics,Headphones,Headphones Product 8,North,1,109.91,0.1,98.92,5.79
ORD01501,2025-01-18,CUST0208,Electronics,Phones,Phones Product 2,North,2,164.34,0.1,295.81,59.54
ORD01502,2025-10-15,CUST0249,Accessories,Cables,Cables Product 4,South,4,22.69,0.05,86.22,19.06
ORD01503,2025-01-21,CUST0624,Office Supplies,Binders,Binders Product 1,East,4,39.22,0.0,156.88,13.39
ORD01504,2025-09-12,CUST0359,Furniture,Chairs,Chairs Product 2,South,5,170.11,0.15,722.97,107.91
ORD01505,2025-11-28,CUST0553,Furniture,Chairs,Chairs Product 6,West,5,64.74,0.15,275.14,24.05
ORD01506,2025-01-28,CUST0680,Office Supplies,Paper,Paper Product 5,West,5,54.04,0.0,270.2,47.07
ORD01507,2025-03-19,CUST0455,Furniture,Tables,Tables Product 5,West,5,90.28,0.1,406.26,39.41
ORD01508,2025-05-31,CUST0558,Accessories,Cables,Cables Product 5,South,2,62.52,0.0,125.04,16.36
ORD01509,2025-02-08,CUST0280,Accessories,Bags,Bags Product 5,North,3,203.47,0.1,549.37,97.53
ORD01510,2025-09-16,CUST0047,Office Supplies,Paper,Paper Product 8,South,1,60.22,0.0,60.22,15.97
ORD01511,2025-10-14,CUST0207,Office Supplies,Paper,Paper Product 2,East,2,41.75,0.15,70.97,12.34
ORD01512,2025-04-13,CUST0283,Electronics,Phones,Phones Product 8,North,2,112.22,0.15,190.77,14.8
ORD01513,2025-08-24,CUST0193,Office Supplies,Paper,Paper Product 6,East,5,97.48,0.0,487.4,123.41
ORD01514,2025-01-03,CUST0009,Accessories,Keyboards,Keyboards Product 6,West,1,48.46,0.05,46.04,7.75
ORD01515,2025-10-29,CUST0263,Furniture,Tables,Tables Product 8,North,5,71.97,0.15,305.87,55.39
ORD01516,2025-01-02,CUST0567,Electronics,Phones,Phones Product 1,East,2,19.99,0.05,37.98,7.12
ORD01517,2025-04-27,CUST0747,Accessories,Keyboards,Keyboards Product 8,North,3,24.79,0.0,74.37,15.38
ORD01518,2025-05-09,CUST0087,Furniture,Desks,Desks Product 7,West,2,36.93,0.05,70.17,10.53
ORD01519,2025-07-14,CUST0124,Furniture,Chairs,Chairs Product 8,East,4,118.81,0.0,475.24,47.12
ORD01520,2025-10-19,CUST0544,Office Supplies,Storage,Storage Product 4,South,1,112.38,0.05,106.76,8.81
ORD01521,2025-11-17,CUST0579,Electronics,Laptops,Laptops Product 7,South,2,85.85,0.0,171.7,23.1
ORD01522,2025-05-27,CUST0247,Office Supplies,Binders,Binders Product 2,North,5,20.21,0.15,85.89,13.49
ORD01523,2025-03-29,CUST0462,Office Supplies,Storage,Storage Product 8,South,4,56.84,0.05,215.99,14.77
ORD01524,2025-03-19,CUST0108,Accessories,Keyboards,Keyboards Product 1,South,3,102.18,0.05,291.21,63.02
ORD01525,2025-06-17,CUST0496,Electronics,Phones,Phones Product 1,East,2,35.0,0.0,70.0,19.27
ORD01526,2025-11-14,CUST0578,Electronics,Laptops,Laptops Product 6,North,2,378.72,0.0,757.44,141.37
ORD01527,2025-05-03,CUST0279,Accessories,Keyboards,Keyboards Product 7,North,3,69.34,0.0,208.02,46.16
ORD01528,2025-05-15,CUST0479,Electronics,Headphones,Headphones Product 8,East,1,80.58,0.0,80.58,22.34
ORD01529,2025-10-31,CUST0318,Accessories,Keyboards,Keyboards Product 3,South,4,35.8,0.0,143.2,21.05
ORD01530,2025-01-08,CUST0248,Furniture,Tables,Tables Product 6,North,2,53.16,0.0,106.32,18.01
ORD01531,2025-06-25,CUST0376,Electronics,Phones,Phones Product 1,East,2,17.74,0.1,31.93,3.05
ORD01532,2025-07-20,CUST0255,Furniture,Tables,Tables Product 4,East,1,70.61,0.2,56.49,3.74
ORD01533,2025-01-17,CUST0792,Electronics,Phones,Phones Product 6,East,1,72.02,0.2,57.62,2.92
ORD01534,2025-10-27,CUST0250,Accessories,Cables,Cables Product 1,West,2,115.8,0.0,231.6,31.72
ORD01535,2025-02-17,CUST0167,Office Supplies,Paper,Paper Product 6,East,1,53.06,0.0,53.06,13.58
ORD01536,2025-07-15,CUST0753,Office Supplies,Paper,Paper Product 3,West,4,25.24,0.0,100.96,28.26
ORD01537,2025-07-10,CUST0272,Accessories,Cables,Cables Product 5,South,4,107.95,0.0,431.8,77.68
ORD01538,2025-12-19,CUST0769,Office Supplies,Paper,Paper Product 1,East,2,20.05,0.1,36.09,5.08
ORD01539,2025-01-09,CUST0358,Furniture,Chairs,Chairs Product 2,East,4,30.04,0.05,114.15,26.87
ORD01540,2025-02-04,CUST0387,Electronics,Headphones,Headphones Product 8,West,2,442.34,0.2,707.74,146.31
ORD01541,2025-07-28,CUST0133,Furniture,Chairs,Chairs Product 2,South,2,45.05,0.0,90.1,24.51
ORD01542,2025-07-12,CUST0136,Electronics,Phones,Phones Product 6,East,3,63.31,0.0,189.93,45.59
ORD01543,2025-03-05,CUST0785,Electronics,Phones,Phones Product 2,East,3,98.06,0.1,264.76,41.86
ORD01544,2025-11-23,CUST0663,Electronics,Laptops,Laptops Product 6,North,5,49.15,0.15,208.89,38.0
ORD01545,2025-09-01,CUST0093,Electronics,Phones,Phones Product 7,South,4,36.64,0.0,146.56,30.31
ORD01546,2025-06-14,CUST0779,Office Supplies,Storage,Storage Product 7,West,1,91.3,0.0,91.3,11.55
ORD01547,2025-10-22,CUST0138,Furniture,Desks,Desks Product 8,South,5,70.13,0.0,350.65,50.98
ORD01548,2025-06-11,CUST0688,Accessories,Bags,Bags Product 4,North,2,15.77,0.0,31.54,4.58
ORD01549,2025-12-11,CUST0015,Electronics,Phones,Phones Product 1,East,4,82.08,0.05,311.9,40.54
ORD01550,2025-04-17,CUST0009,Electronics,Laptops,Laptops Product 1,West,1,60.86,0.0,60.86,8.55
ORD01551,2025-05-20,CUST0510,Office Supplies,Paper,Paper Product 7,South,2,58.74,0.0,117.48,20.76
ORD01552,2025-12-15,CUST0037,Office Supplies,Paper,Paper Product 8,North,2,76.3,0.1,137.34,17.5
ORD01553,2025-04-28,CUST0612,Furniture,Desks,Desks Product 1,North,4,51.47,0.05,195.59,49.22
ORD01554,2025-04-17,CUST0036,Electronics,Phones,Phones Product 2,South,3,31.98,0.05,91.14,22.51
ORD01555,2025-05-05,CUST0725,Furniture,Tables,Tables Product 6,North,1,32.75,0.15,27.84,2.95
ORD01556,2025-10-16,CUST0762,Electronics,Laptops,Laptops Product 7,West,3,60.36,0.05,172.03,15.32
ORD01557,2025-11-22,CUST0665,Furniture,Desks,Desks Product 8,West,5,67.87,0.05,322.38,42.26
ORD01558,2025-06-23,CUST0215,Electronics,Laptops,Laptops Product 5,East,2,35.66,0.0,71.32,16.15
ORD01559,2025-08-11,CUST0597,Office Supplies,Storage,Storage Product 1,East,2,129.02,0.0,258.04,22.95
ORD01560,2025-09-05,CUST0095,Office Supplies,Storage,Storage Product 5,South,2,9.95,0.0,19.9,5.37
ORD01561,2025-01-01,CUST0797,Electronics,Phones,Phones Product 6,North,4,50.45,0.0,201.8,43.69
ORD01562,2025-08-22,CUST0561,Accessories,Keyboards,Keyboards Product 1,East,4,51.08,0.05,194.1,32.07
ORD01563,2025-03-17,CUST0394,Electronics,Phones,Phones Product 4,West,3,54.8,0.0,164.4,13.46
ORD01564,2025-07-09,CUST0001,Electronics,Laptops,Laptops Product 3,North,3,26.25,0.05,74.81,15.43
ORD01565,2025-10-21,CUST0596,Electronics,Headphones,Headphones Product 6,South,3,73.47,0.1,198.37,38.97
ORD01566,2025-06-19,CUST0422,Office Supplies,Storage,Storage Product 8,West,4,94.88,0.0,379.52,57.77
ORD01567,2025-04-11,CUST0058,Furniture,Tables,Tables Product 2,East,4,67.67,0.0,270.68,66.09
ORD01568,2025-10-06,CUST0270,Furniture,Desks,Desks Product 2,South,3,103.44,0.0,310.32,39.44
ORD01569,2025-01-18,CUST0032,Office Supplies,Storage,Storage Product 7,North,5,53.22,0.0,266.1,70.82
ORD01570,2025-02-06,CUST0710,Accessories,Keyboards,Keyboards Product 2,South,5,108.6,0.1,488.7,56.84
ORD01571,2025-11-30,CUST0018,Furniture,Tables,Tables Product 2,West,4,135.85,0.2,434.72,18.82
ORD01572,2025-08-03,CUST0179,Furniture,Desks,Desks Product 6,East,3,74.32,0.0,222.96,53.08
ORD01573,2025-08-09,CUST0124,Electronics,Headphones,Headphones Product 6,North,5,38.19,0.0,190.95,20.41
ORD01574,2025-10-14,CUST0351,Furniture,Tables,Tables Product 6,West,1,242.7,0.1,218.43,48.89
ORD01575,2025-03-09,CUST0423,Office Supplies,Paper,Paper Product 2,North,2,56.46,0.15,95.98,13.66
ORD01576,2025-06-06,CUST0532,Furniture,Chairs,Chairs Product 4,East,4,35.18,0.0,140.72,12.98
ORD01577,2025-08-01,CUST0322,Accessories,Cables,Cables Product 5,West,2,14.34,0.0,28.68,5.58
ORD01578,2025-03-19,CUST0562,Office Supplies,Binders,Binders Product 2,North,5,31.75,0.05,150.81,13.89
ORD01579,2025-06-28,CUST0064,Electronics,Laptops,Laptops Product 7,South,3,29.09,0.2,69.82,12.04
ORD01580,2025-10-07,CUST0421,Furniture,Chairs,Chairs Product 7,North,3,22.01,0.05,62.73,14.36
ORD01581,2025-03-21,CUST0372,Accessories,Cables,Cables Product 3,North,2,57.65,0.0,115.3,13.68
ORD01582,2025-06-22,CUST0151,Accessories,Keyboards,Keyboards Product 6,West,2,43.51,0.05,82.67,5.71
ORD01583,2025-12-06,CUST0378,Office Supplies,Binders,Binders Product 8,West,4,33.54,0.1,120.74,25.28
ORD01584,2025-01-11,CUST0452,Electronics,Headphones,Headphones Product 6,South,5,67.03,0.15,284.88,43.14
ORD01585,2025-04-07,CUST0185,Furniture,Desks,Desks Product 4,East,3,37.7,0.05,107.45,23.21
ORD01586,2025-06-08,CUST0658,Office Supplies,Storage,Storage Product 5,East,3,79.07,0.1,213.49,42.03
ORD01587,2025-09-06,CUST0291,Accessories,Bags,Bags Product 4,North,4,20.8,0.0,83.2,19.84
ORD01588,2025-01-20,CUST0196,Furniture,Chairs,Chairs Product 3,East,5,85.15,0.0,425.75,43.54
ORD01589,2025-07-26,CUST0366,Accessories,Keyboards,Keyboards Product 6,South,4,57.83,0.05,219.75,15.49
ORD01590,2025-02-09,CUST0508,Office Supplies,Storage,Storage Product 7,East,1,45.27,0.1,40.74,4.75
ORD01591,2025-03-12,CUST0334,Office Supplies,Paper,Paper Product 5,East,5,38.15,0.2,152.6,22.17
ORD01592,2025-09-14,CUST0644,Office Supplies,Binders,Binders Product 5,West,3,137.91,0.0,413.73,107.59
ORD01593,2025-07-04,CUST0077,Accessories,Bags,Bags Product 7,South,4,19.46,0.0,77.84,9.36
ORD01594,2025-03-01,CUST0104,Office Supplies,Storage,Storage Product 6,East,4,52.53,0.05,199.61,14.39
ORD01595,2025-12-19,CUST0274,Furniture,Chairs,Chairs Product 6,West,4,121.87,0.0,487.48,40.74
ORD01596,2025-06-09,CUST0389,Electronics,Phones,Phones Product 4,North,1,43.6,0.0,43.6,8.86
ORD01597,2025-06-05,CUST0501,Office Supplies,Storage,Storage Product 3,North,3,27.65,,82.95,17.03
ORD01598,2025-12-12,CUST0337,Furniture,Desks,Desks Product 1,South,2,80.83,0.15,137.41,31.07
ORD01599,2025-12-28,CUST0557,Office Supplies,Binders,Binders Product 7,West,1,28.68,0.05,27.25,2.03
ORD01600,2025-04-29,CUST0632,Electronics,Laptops,Laptops Product 3,North,1,51.41,0.05,48.84,12.04
ORD01601,2025-10-12,CUST0611,Electronics,Phones,Phones Product 6,West,3,76.39,0.0,229.17,36.49
ORD01602,2025-07-03,CUST0689,Accessories,Keyboards,Keyboards Product 1,South,4,67.01,0.1,241.24,25.37
ORD01603,2025-06-20,CUST0010,Accessories,Bags,Bags Product 7,East,2,61.4,0.0,122.8,23.9
ORD01604,2025-09-30,CUST0158,Accessories,Bags,Bags Product 8,West,2,102.38,0.05,194.52,30.01
ORD01605,2025-01-19,CUST0703,Electronics,Headphones,Headphones Product 6,North,2,98.14,0.1,176.65,18.95
ORD01606,2025-09-12,CUST0360,Electronics,Laptops,Laptops Product 3,West,1,13.12,0.1,11.81,1.25
ORD01607,2025-11-25,CUST0642,Office Supplies,Binders,Binders Product 6,East,5,200.68,0.0,1003.4,219.95
ORD01608,2025-11-06,CUST0620,Accessories,Bags,Bags Product 5,West,2,101.64,0.0,203.28,41.33
ORD01609,2025-01-31,CUST0332,Furniture,Tables,Tables Product 7,North,5,50.66,0.15,215.3,32.81
ORD01610,2025-05-07,CUST0523,Electronics,Laptops,Laptops Product 3,East,3,45.54,0.0,136.62,12.61
ORD01611,2025-11-27,CUST0261,Furniture,Desks,Desks Product 4,East,2,9.04,0.05,17.18,4.24
ORD01612,2025-12-10,CUST0053,Accessories,Keyboards,Keyboards Product 7,South,4,140.21,0.05,532.8,110.09
ORD01613,2025-02-27,CUST0057,Furniture,Desks,Desks Product 5,South,2,102.85,0.1,185.13,38.9
ORD01614,2025-09-05,CUST0195,Accessories,Cables,Cables Product 7,West,5,28.86,0.0,144.3,33.85
ORD01615,2025-05-24,CUST0158,Furniture,Tables,Tables Product 2,North,1,47.82,0.05,45.43,11.47
ORD01616,2025-07-22,CUST0059,Accessories,Bags,Bags Product 8,West,1,54.33,0.15,46.18,5.6
ORD01617,2025-05-03,CUST0542,Electronics,Headphones,Headphones Product 6,South,3,63.39,0.15,161.64,13.08
ORD01618,2025-06-18,CUST0455,Furniture,Desks,Desks Product 5,East,1,128.45,0.0,128.45,34.28
ORD01619,2025-05-27,CUST0315,Office Supplies,Binders,Binders Product 4,North,2,103.57,0.1,186.43,39.1
ORD01620,2025-10-09,CUST0376,Furniture,Desks,Desks Product 2,South,1,38.08,0.05,36.18,6.13
ORD01621,2025-08-11,CUST0485,Furniture,Desks,Desks Product 1,North,1,24.24,0.0,24.24,4.72
ORD01622,2025-11-09,CUST0183,Accessories,Cables,Cables Product 3,South,4,66.23,0.15,225.18,30.06
ORD01623,2025-11-24,CUST0297,Electronics,Laptops,Laptops Product 7,West,2,13.78,0.1,24.8,5.7
ORD01624,2025-12-23,CUST0614,Furniture,Desks,Desks Product 5,North,1,17.61,0.2,14.09,3.1
ORD01625,2025-11-18,CUST0180,Accessories,Bags,Bags Product 3,North,1,55.7,0.05,52.91,7.57
ORD01626,2025-08-06,CUST0726,Office Supplies,Binders,Binders Product 5,East,5,40.58,0.05,192.75,30.0
ORD01627,2025-09-07,CUST0494,Accessories,Cables,Cables Product 5,East,1,21.79,0.0,21.79,5.47
ORD01628,2025-06-10,CUST0058,Electronics,Headphones,Headphones Product 6,West,2,20.78,0.1,37.4,6.82
ORD01629,2025-07-19,CUST0701,Electronics,Headphones,Headphones Product 7,East,5,38.27,0.1,172.22,38.18
ORD01630,2025-04-30,CUST0213,Accessories,Cables,Cables Product 1,North,4,101.13,0.05,384.29,88.68
ORD01631,2025-06-12,CUST0692,Office Supplies,Storage,Storage Product 3,West,2,141.36,0.0,282.72,41.6
ORD01632,2025-05-05,CUST0561,Office Supplies,Paper,Paper Product 5,West,4,96.94,0.05,368.37,34.59
ORD01633,2025-03-23,CUST0092,Electronics,Headphones,Headphones Product 2,East,3,193.8,0.0,581.4,50.02
ORD01634,2025-06-13,CUST0759,Electronics,Headphones,Headphones Product 2,East,1,31.13,0.0,31.13,7.2
ORD01635,2025-10-01,CUST0367,Electronics,Phones,Phones Product 7,East,1,117.14,0.05,111.28,18.61
ORD01636,2025-09-11,CUST0698,Accessories,Keyboards,Keyboards Product 6,South,5,32.34,0.05,153.62,35.8
ORD01637,2025-11-16,CUST0066,Furniture,Desks,Desks Product 7,East,4,68.8,0.0,275.2,34.37
ORD01638,2025-01-03,CUST0611,Electronics,Phones,Phones Product 7,South,3,112.35,0.15,286.49,60.71
ORD01639,2025-09-02,CUST0609,Furniture,Chairs,Chairs Product 5,East,2,110.08,0.05,209.15,55.14
ORD01640,2025-10-26,CUST0141,Office Supplies,Binders,Binders Product 3,East,4,118.65,0.05,450.87,75.3
ORD01641,2025-07-05,CUST0003,Office Supplies,Paper,Paper Product 2,South,1,51.0,0.0,51.0,9.83
ORD01642,2025-01-08,CUST0576,Furniture,Desks,Desks Product 1,East,1,48.79,0.2,39.03,8.97
ORD01643,2025-11-24,CUST0768,Furniture,Desks,Desks Product 8,East,1,55.91,0.0,55.91,12.41
ORD01644,2025-08-31,CUST0303,Furniture,Tables,Tables Product 6,West,3,148.44,0.0,445.32,99.88
ORD01645,2025-01-11,CUST0088,Accessories,Keyboards,Keyboards Product 4,South,3,43.63,0.1,117.8,18.65
ORD01646,2025-12-31,CUST0545,Accessories,Keyboards,Keyboards Product 5,North,3,51.18,0.0,153.54,20.43
ORD01647,2025-06-20,CUST0261,Accessories,Cables,Cables Product 8,East,3,137.65,0.05,392.3,99.43
ORD01648,2025-02-11,CUST0236,Electronics,Headphones,Headphones Product 5,North,4,21.76,0.15,73.98,12.55
ORD01649,2025-10-20,CUST0148,Office Supplies,Binders,Binders Product 4,West,3,145.06,0.0,435.18,61.12
ORD01650,2025-05-25,CUST0595,Office Supplies,Storage,Storage Product 2,South,1,23.63,0.15,20.09,2.77
ORD01651,2025-08-16,CUST0409,Accessories,Cables,Cables Product 7,East,4,65.87,0.0,263.48,73.21
ORD01652,2025-04-12,CUST0653,Office Supplies,Paper,Paper Product 8,East,1,46.43,0.0,46.43,12.42
ORD01653,2025-02-23,CUST0217,Accessories,Keyboards,Keyboards Product 8,South,1,31.5,0.0,31.5,4.45
ORD01654,2025-01-09,CUST0233,Accessories,Bags,Bags Product 3,South,1,86.01,0.05,81.71,15.07
ORD01655,2025-12-08,CUST0031,Office Supplies,Paper,Paper Product 6,East,4,68.12,0.05,258.86,33.09
ORD01656,2025-09-15,CUST0284,Electronics,Phones,Phones Product 8,West,1,13.26,0.1,11.93,1.29
ORD01657,2025-03-08,CUST0494,Accessories,Bags,Bags Product 6,South,1,37.75,0.0,37.75,7.92
ORD01658,2025-02-20,CUST0251,Office Supplies,Storage,Storage Product 2,East,4,84.75,0.1,305.1,19.35
ORD01659,2025-01-29,CUST0755,Office Supplies,Paper,Paper Product 6,South,1,141.97,0.1,127.77,10.14
ORD01660,2025-08-10,CUST0724,Accessories,Cables,Cables Product 6,East,4,19.12,0.15,65.01,5.55
ORD01661,2025-10-19,CUST0108,Furniture,Chairs,Chairs Product 5,North,4,54.62,0.05,207.56,31.47
ORD01662,2025-10-26,CUST0540,Office Supplies,Binders,Binders Product 2,South,5,47.64,0.1,214.38,41.22
ORD01663,2025-10-06,CUST0571,Office Supplies,Binders,Binders Product 3,North,3,51.19,,153.57,29.05
ORD01664,2025-11-25,CUST0118,Electronics,Laptops,Laptops Product 6,West,1,26.86,0.2,21.49,2.6
ORD01665,2025-12-30,CUST0160,Office Supplies,Paper,Paper Product 3,North,4,110.75,0.0,443.0,79.39
ORD01666,2025-01-27,CUST0417,Accessories,Keyboards,Keyboards Product 7,West,1,119.71,0.15,101.75,9.0
ORD01667,2025-01-23,CUST0065,Electronics,Phones,Phones Product 4,North,4,31.33,0.0,125.32,31.83
ORD01668,2025-12-12,CUST0084,Office Supplies,Storage,Storage Product 8,North,5,34.76,0.1,156.42,9.32
ORD01669,2025-05-28,CUST0591,Office Supplies,Paper,Paper Product 6,East,4,20.29,0.0,81.16,7.57
ORD01670,2025-05-02,CUST0525,Electronics,Headphones,Headphones Product 8,East,5,149.61,0.1,673.25,117.27
ORD01671,2025-12-18,CUST0082,Accessories,Keyboards,Keyboards Product 1,North,1,112.33,0.1,101.1,21.79
ORD01672,2025-08-14,CUST0146,Office Supplies,Storage,Storage Product 4,East,4,199.46,0.0,797.84,111.0
ORD01673,2025-11-24,CUST0490,Office Supplies,Storage,Storage Product 6,North,2,16.81,0.0,33.62,7.99
ORD01674,2025-02-07,CUST0528,Office Supplies,Storage,Storage Product 3,West,2,219.44,0.0,438.88,115.76
ORD01675,2025-06-15,CUST0490,Accessories,Cables,Cables Product 7,South,3,27.51,0.2,66.02,14.67
ORD01676,2025-07-09,CUST0605,Furniture,Chairs,Chairs Product 1,West,2,59.27,0.2,94.83,9.74
ORD01677,2025-12-12,CUST0272,Accessories,Keyboards,Keyboards Product 2,West,1,32.35,0.05,30.73,8.14
ORD01678,2025-07-08,CUST0411,Electronics,Headphones,Headphones Product 5,West,5,38.92,0.05,184.87,17.36
ORD01679,2025-05-28,CUST0796,Accessories,Cables,Cables Product 4,South,3,88.34,0.15,225.27,50.7
ORD01680,2025-11-28,CUST0463,Office Supplies,Binders,Binders Product 1,South,2,100.94,0.0,201.88,37.61
ORD01681,2025-02-25,CUST0266,Accessories,Bags,Bags Product 1,South,2,55.73,0.1,100.31,9.96
ORD01682,2025-08-07,CUST0449,Accessories,Bags,Bags Product 5,North,2,55.39,0.1,99.7,19.74
ORD01683,2025-10-30,CUST0130,Furniture,Desks,Desks Product 8,North,1,27.71,0.1,24.94,4.08
ORD01684,2025-05-03,CUST0096,Accessories,Cables,Cables Product 4,West,1,61.78,0.2,49.42,8.82
ORD01685,2025-05-04,CUST0615,Office Supplies,Binders,Binders Product 6,West,4,57.92,0.05,220.1,52.4
ORD01686,2025-03-21,CUST0109,Furniture,Desks,Desks Product 7,East,5,32.44,0.05,154.09,22.84
ORD01687,2025-12-08,CUST0523,Office Supplies,Binders,Binders Product 6,East,3,43.99,0.1,118.77,12.29
ORD01688,2025-06-06,CUST0211,Electronics,Headphones,Headphones Product 6,West,5,94.39,0.2,377.56,39.85
ORD01689,2025-11-12,CUST0132,Accessories,Cables,Cables Product 5,South,1,83.15,0.05,78.99,12.53
ORD01690,2025-11-29,CUST0489,Accessories,Cables,Cables Product 5,West,5,117.27,0.1,527.72,59.14
ORD01691,2025-06-13,CUST0049,Accessories,Keyboards,Keyboards Product 3,North,4,19.77,0.0,79.08,8.44
ORD01692,2025-01-30,CUST0205,Accessories,Cables,Cables Product 6,West,3,33.0,0.1,89.1,8.74
ORD01693,2025-06-01,CUST0292,Furniture,Chairs,Chairs Product 2,North,1,44.35,0.0,44.35,6.04
ORD01694,2025-10-03,CUST0771,Furniture,Chairs,Chairs Product 4,North,5,70.52,0.05,334.97,48.51
ORD01695,2025-04-30,CUST0675,Electronics,Headphones,Headphones Product 5,North,3,30.31,0.0,90.93,8.78
ORD01696,2025-08-21,CUST0567,Electronics,Headphones,Headphones Product 1,South,4,95.49,0.1,343.76,32.21
ORD01697,2025-09-25,CUST0535,Accessories,Keyboards,Keyboards Product 5,West,1,44.23,0.15,37.6,6.03
ORD01698,2025-09-12,CUST0538,Electronics,Headphones,Headphones Product 5,North,4,43.37,0.15,147.46,7.8
ORD01699,2025-11-10,CUST0726,Accessories,Cables,Cables Product 7,North,4,35.36,0.1,127.3,22.6
ORD01700,2025-02-04,CUST0309,Electronics,Laptops,Laptops Product 6,East,4,138.91,0.05,527.86,73.82
ORD01701,2025-06-05,CUST0761,Office Supplies,Paper,Paper Product 3,North,4,65.17,0.05,247.65,24.93
ORD01702,2025-11-08,CUST0062,Furniture,Desks,Desks Product 2,West,4,66.05,0.05,250.99,50.89
ORD01703,2025-05-10,CUST0752,Furniture,Chairs,Chairs Product 2,South,1,93.19,0.0,93.19,22.18
ORD01704,2025-09-11,CUST0689,Furniture,Tables,Tables Product 5,West,1,18.04,0.15,15.33,3.5
ORD01705,2025-03-04,CUST0073,Furniture,Tables,Tables Product 1,East,1,165.91,0.0,165.91,37.07
ORD01706,2025-07-07,CUST0552,Electronics,Phones,Phones Product 6,North,4,19.85,0.0,79.4,8.09
ORD01707,2025-03-26,CUST0674,Furniture,Chairs,Chairs Product 8,North,2,60.69,0.0,121.38,10.57
ORD01708,2025-04-21,CUST0200,Accessories,Cables,Cables Product 7,West,1,52.86,0.0,52.86,11.84
ORD01709,2025-08-03,CUST0336,Office Supplies,Storage,Storage Product 7,East,5,63.27,0.15,268.9,50.57
ORD01710,2025-05-03,CUST0406,Electronics,Phones,Phones Product 7,South,4,87.28,0.2,279.3,40.8
ORD01711,2025-12-03,CUST0387,Accessories,Keyboards,Keyboards Product 5,North,2,97.19,0.0,194.38,16.23
ORD01712,2025-07-15,CUST0177,Accessories,Cables,Cables Product 5,South,1,75.29,0.2,60.23,7.85
ORD01713,2025-02-12,CUST0124,Electronics,Phones,Phones Product 5,North,3,36.28,0.05,103.4,20.37
ORD01714,2025-03-21,CUST0096,Electronics,Laptops,Laptops Product 7,East,1,83.07,0.0,83.07,18.86
ORD01715,2025-02-13,CUST0605,Accessories,Bags,Bags Product 7,West,2,115.35,0.05,219.16,43.09
ORD01716,2025-04-25,CUST0125,Electronics,Laptops,Laptops Product 8,North,4,51.75,0.0,207.0,19.86
ORD01717,2025-05-18,CUST0298,Furniture,Desks,Desks Product 6,West,5,64.35,0.1,289.57,37.44
ORD01718,2025-11-01,CUST0574,Electronics,Headphones,Headphones Product 2,East,3,169.18,0.0,507.54,70.38
ORD01719,2025-01-23,CUST0435,Furniture,Desks,Desks Product 6,North,2,13.05,0.0,26.1,6.4
ORD01720,2025-02-11,CUST0634,Office Supplies,Storage,Storage Product 7,North,3,62.45,0.1,168.62,13.9
ORD01721,2025-08-24,CUST0683,Office Supplies,Binders,Binders Product 4,East,2,32.24,0.05,61.26,7.04
ORD01722,2025-10-13,CUST0160,Furniture,Desks,Desks Product 6,South,3,31.89,0.15,81.32,7.36
ORD01723,2025-03-25,CUST0573,Accessories,Bags,Bags Product 5,East,4,175.53,0.05,667.01,80.97
ORD01724,2025-11-09,CUST0449,Accessories,Cables,Cables Product 6,East,3,71.95,0.0,215.85,23.17
ORD01725,2025-03-09,CUST0040,Electronics,Laptops,Laptops Product 2,South,2,73.98,0.0,147.96,40.2
ORD01726,2025-11-11,CUST0245,Electronics,Headphones,Headphones Product 7,North,2,54.22,,108.44,17.51
ORD01727,2025-07-03,CUST0281,Furniture,Tables,Tables Product 8,West,3,34.22,0.15,87.26,8.68
ORD01728,2025-11-07,CUST0131,Accessories,Keyboards,Keyboards Product 6,East,3,150.95,0.15,384.92,44.17
ORD01729,2025-11-07,CUST0234,Accessories,Cables,Cables Product 6,North,3,153.11,0.15,390.43,73.96
ORD01730,2025-04-02,CUST0462,Office Supplies,Binders,Binders Product 4,South,5,73.91,0.15,314.12,62.06
ORD01731,2025-01-04,CUST0760,Accessories,Keyboards,Keyboards Product 5,South,3,124.14,0.05,353.8,65.36
ORD01732,2025-03-10,CUST0554,Electronics,Headphones,Headphones Product 7,North,1,140.27,0.0,140.27,11.62
ORD01733,2025-05-03,CUST0151,Office Supplies,Binders,Binders Product 3,North,3,57.94,0.15,147.75,10.69
ORD01734,2025-12-05,CUST0765,Office Supplies,Binders,Binders Product 6,South,1,32.31,0.2,25.85,3.92
ORD01735,2025-02-08,CUST0409,Accessories,Cables,Cables Product 5,West,1,73.65,0.0,73.65,12.93
ORD01736,2025-04-10,CUST0557,Electronics,Phones,Phones Product 7,East,4,81.66,0.0,326.64,38.92
ORD01737,2025-01-21,CUST0470,Electronics,Headphones,Headphones Product 4,West,1,37.59,0.2,30.07,1.22
ORD01738,2025-06-25,CUST0738,Electronics,Phones,Phones Product 3,North,1,21.7,0.0,21.7,3.99
ORD01739,2025-10-29,CUST0378,Accessories,Bags,Bags Product 6,East,5,109.35,0.15,464.74,48.2
ORD01740,2025-03-21,CUST0137,Accessories,Cables,Cables Product 6,South,1,90.47,0.1,81.42,17.72
ORD01741,2025-12-17,CUST0101,Accessories,Bags,Bags Product 3,North,2,34.56,0.0,69.12,17.95
ORD01742,2025-05-10,CUST0427,Office Supplies,Paper,Paper Product 3,South,2,70.68,0.0,141.36,24.28
ORD01743,2025-02-21,CUST0611,Accessories,Bags,Bags Product 3,South,2,34.76,0.0,69.52,9.62
ORD01744,2025-11-28,CUST0670,Furniture,Desks,Desks Product 3,East,4,45.98,0.15,156.33,27.9
ORD01745,2025-12-23,CUST0239,Furniture,Chairs,Chairs Product 2,West,2,78.67,0.05,149.47,15.03
ORD01746,2025-01-28,CUST0151,Office Supplies,Storage,Storage Product 1,North,3,36.88,0.0,110.64,20.2
ORD01747,2025-10-27,CUST0513,Electronics,Laptops,Laptops Product 7,East,1,43.36,0.2,34.69,6.24
ORD01748,2025-07-17,CUST0521,Office Supplies,Storage,Storage Product 8,North,5,45.76,0.1,205.92,15.67
ORD01749,2025-09-10,CUST0568,Accessories,Bags,Bags Product 8,East,2,22.28,0.0,44.56,4.23
ORD01750,2025-09-01,CUST0432,Electronics,Laptops,Laptops Product 4,South,1,122.71,0.15,104.3,15.17
ORD01751,2025-10-03,CUST0468,Furniture,Chairs,Chairs Product 3,East,2,90.89,0.0,181.78,24.5
ORD01752,2025-06-06,CUST0552,Electronics,Phones,Phones Product 4,East,2,49.74,0.15,84.56,7.92
ORD01753,2025-12-17,CUST0284,Furniture,Desks,Desks Product 1,West,4,8.44,0.0,33.76,7.76
ORD01754,2025-09-06,CUST0339,Electronics,Phones,Phones Product 7,East,1,41.91,0.0,41.91,7.48
ORD01755,2025-11-15,CUST0155,Office Supplies,Paper,Paper Product 7,South,4,123.49,0.05,469.26,65.28
ORD01756,2025-04-04,CUST0044,Accessories,Bags,Bags Product 4,North,2,23.85,0.0,47.7,4.6
ORD01757,2025-11-09,CUST0375,Accessories,Bags,Bags Product 5,South,5,49.6,0.15,210.8,35.26
ORD01758,2025-12-29,CUST0696,Electronics,Headphones,Headphones Product 4,North,4,37.61,0.05,142.92,36.94
ORD01759,2025-02-07,CUST0320,Electronics,Headphones,Headphones Product 6,West,5,81.07,0.0,405.35,46.23
ORD01760,2025-10-08,CUST0415,Furniture,Desks,Desks Product 6,East,1,13.79,0.05,13.1,1.92
ORD01761,2025-08-12,CUST0394,Accessories,Cables,Cables Product 1,West,4,66.29,0.0,265.16,47.04
ORD01762,2025-03-03,CUST0099,Accessories,Cables,Cables Product 8,South,2,44.72,0.2,71.55,10.51
ORD01763,2025-12-26,CUST0076,Office Supplies,Binders,Binders Product 4,East,3,127.61,0.0,382.83,74.25
ORD01764,2025-11-03,CUST0061,Electronics,Headphones,Headphones Product 2,East,5,49.09,0.15,208.63,41.91
ORD01765,2025-08-08,CUST0043,Accessories,Keyboards,Keyboards Product 1,South,3,55.32,0.0,165.96,37.42
ORD01766,2025-11-30,CUST0673,Electronics,Phones,Phones Product 6,North,3,45.98,0.15,117.25,23.92
ORD01767,2025-11-06,CUST0517,Furniture,Tables,Tables Product 3,South,4,181.45,0.1,653.22,112.91
ORD01768,2025-11-27,CUST0090,Furniture,Chairs,Chairs Product 8,East,4,55.49,0.15,188.67,29.77
ORD01769,2025-03-16,CUST0238,Office Supplies,Binders,Binders Product 7,West,4,20.93,0.1,75.35,13.08
ORD01770,2025-09-24,CUST0365,Office Supplies,Paper,Paper Product 6,East,3,69.87,0.0,209.61,34.88
ORD01771,2025-08-05,CUST0156,Electronics,Phones,Phones Product 8,East,4,78.1,0.2,249.92,23.62
ORD01772,2025-07-21,CUST0444,Accessories,Keyboards,Keyboards Product 3,South,1,29.46,0.0,29.46,6.27
ORD01773,2025-05-02,CUST0486,Accessories,Keyboards,Keyboards Product 7,East,5,55.46,0.15,235.71,55.85
ORD01774,2025-04-27,CUST0720,Electronics,Headphones,Headphones Product 7,East,1,26.89,0.05,25.55,2.93
ORD01775,2025-04-10,CUST0613,Office Supplies,Binders,Binders Product 1,North,5,63.65,0.05,302.34,63.57
ORD01776,2025-10-15,CUST0081,Accessories,Keyboards,Keyboards Product 3,East,1,52.48,0.2,41.98,2.86
ORD01777,2025-02-03,CUST0172,Electronics,Phones,Phones Product 2,West,4,59.21,0.0,236.84,43.71
ORD01778,2025-11-20,CUST0230,Accessories,Bags,Bags Product 5,North,5,48.31,0.0,241.55,26.4
ORD01779,2025-05-07,CUST0155,Accessories,Keyboards,Keyboards Product 3,South,3,28.49,0.1,76.92,16.88
ORD01780,2025-01-12,CUST0411,Electronics,Headphones,Headphones Product 2,North,5,40.45,0.1,182.03,34.69
ORD01781,2025-06-27,CUST0162,Accessories,Bags,Bags Product 8,South,1,57.36,0.1,51.62,10.17
ORD01782,2025-02-20,CUST0472,Accessories,Cables,Cables Product 2,North,4,121.97,0.05,463.49,87.72
ORD01783,2025-05-08,CUST0599,Furniture,Tables,Tables Product 5,West,2,34.58,0.15,58.79,7.46
ORD01784,2025-07-04,CUST0524,Office Supplies,Paper,Paper Product 6,North,3,129.09,0.05,367.91,49.46
ORD01785,2025-10-09,CUST0135,Furniture,Desks,Desks Product 6,West,5,34.16,0.0,170.8,26.91
ORD01786,2025-06-23,CUST0353,Office Supplies,Storage,Storage Product 2,East,4,67.95,0.05,258.21,52.0
ORD01787,2025-10-11,CUST0134,Electronics,Phones,Phones Product 8,South,3,57.42,0.0,172.26,23.99
ORD01788,2025-11-12,CUST0769,Office Supplies,Storage,Storage Product 1,West,2,75.86,0.05,144.13,34.75
ORD01789,2025-03-14,CUST0539,Furniture,Desks,Desks Product 2,North,5,65.24,0.05,309.89,61.58
ORD01790,2025-12-27,CUST0585,Office Supplies,Paper,Paper Product 8,East,1,71.7,0.0,71.7,17.87
ORD01791,2025-10-24,CUST0770,Furniture,Desks,Desks Product 5,North,2,75.02,0.15,127.53,10.68
ORD01792,2025-10-12,CUST0521,Electronics,Headphones,Headphones Product 1,East,3,55.54,0.0,166.62,28.75
ORD01793,2025-02-04,CUST0653,Accessories,Bags,Bags Product 3,South,5,26.67,0.15,113.35,24.53
ORD01794,2025-07-21,CUST0474,Office Supplies,Paper,Paper Product 2,South,3,232.92,0.0,698.76,132.47
ORD01795,2025-01-20,CUST0094,Furniture,Chairs,Chairs Product 2,South,4,151.22,0.1,544.39,106.18
ORD01796,2025-11-24,CUST0726,Accessories,Keyboards,Keyboards Product 1,West,2,22.05,0.0,44.1,10.91
ORD01797,2025-05-12,CUST0660,Electronics,Headphones,Headphones Product 8,South,5,29.53,0.05,140.27,21.38
ORD01798,2025-08-07,CUST0248,Furniture,Desks,Desks Product 5,West,3,84.02,0.0,252.06,27.86
ORD01799,2025-02-11,CUST0609,Electronics,Headphones,Headphones Product 6,South,1,29.87,0.05,28.38,5.71
ORD01800,2025-12-03,CUST0379,Accessories,Bags,Bags Product 4,North,2,75.46,0.05,143.37,21.99
ORD01801,2025-12-08,CUST0535,Accessories,Bags,Bags Product 1,East,1,102.36,0.05,97.24,21.24
ORD01802,2025-06-27,CUST0181,Electronics,Headphones,Headphones Product 5,North,2,63.38,0.0,126.76,26.59
ORD01803,2025-05-07,CUST0027,Accessories,Bags,Bags Product 5,West,4,100.73,0.2,322.34,12.56
ORD01804,2025-08-20,CUST0258,Office Supplies,Paper,Paper Product 1,West,4,68.21,0.0,272.84,56.31
ORD01805,2025-09-19,CUST0046,Electronics,Laptops,Laptops Product 6,West,3,59.95,0.1,161.87,14.6
ORD01806,2025-06-29,CUST0611,Office Supplies,Binders,Binders Product 8,South,3,136.62,0.0,409.86,56.56
ORD01807,2025-09-28,CUST0083,Accessories,Keyboards,Keyboards Product 5,East,5,87.98,0.1,395.91,70.14
ORD01808,2025-02-09,CUST0798,Electronics,Headphones,Headphones Product 1,South,5,158.71,0.05,753.87,191.6
ORD01809,2025-08-23,CUST0052,Accessories,Keyboards,Keyboards Product 7,North,2,85.7,0.0,171.4,29.25
ORD01810,2025-11-18,CUST0376,Furniture,Chairs,Chairs Product 6,North,4,49.22,0.1,177.19,19.87
ORD01811,2025-02-02,CUST0071,Accessories,Bags,Bags Product 4,South,4,61.07,0.0,244.28,47.89
ORD01812,2025-10-10,CUST0013,Furniture,Tables,Tables Product 5,West,5,48.16,0.2,192.64,30.24
ORD01813,2025-08-20,CUST0661,Furniture,Desks,Desks Product 7,South,5,80.84,0.05,383.99,62.95
ORD01814,2025-03-17,CUST0294,Office Supplies,Paper,Paper Product 6,West,1,46.2,0.0,46.2,6.02
ORD01815,2025-04-27,CUST0639,Electronics,Laptops,Laptops Product 5,South,3,101.03,0.05,287.94,54.97
ORD01816,2025-09-22,CUST0464,Accessories,Keyboards,Keyboards Product 7,South,5,97.95,0.15,416.29,48.17
ORD01817,2025-03-04,CUST0435,Office Supplies,Storage,Storage Product 6,South,5,29.49,0.0,147.45,29.75
ORD01818,2025-03-08,CUST0039,Electronics,Phones,Phones Product 6,East,3,59.74,0.15,152.34,7.66
ORD01819,2025-10-31,CUST0709,Furniture,Tables,Tables Product 4,West,5,87.84,0.2,351.36,32.63
ORD01820,2025-02-16,CUST0123,Accessories,Keyboards,Keyboards Product 3,East,1,79.62,0.0,79.62,14.12
ORD01821,2025-01-13,CUST0652,Office Supplies,Storage,Storage Product 8,East,5,63.02,0.0,315.1,49.36
ORD01822,2025-06-17,CUST0572,Electronics,Headphones,Headphones Product 2,East,3,30.61,0.0,91.83,12.46
ORD01823,2025-05-28,CUST0274,Accessories,Keyboards,Keyboards Product 8,North,1,23.65,0.15,20.1,4.28
ORD01824,2025-11-02,CUST0786,Furniture,Tables,Tables Product 5,South,5,96.08,0.15,408.34,71.87
ORD01825,2025-09-13,CUST0794,Office Supplies,Storage,Storage Product 3,West,5,82.76,0.1,372.42,34.69
ORD01826,2025-04-15,CUST0477,Furniture,Tables,Tables Product 5,North,4,84.64,0.15,287.78,57.61
ORD01827,2025-11-20,CUST0389,Furniture,Tables,Tables Product 3,West,5,67.84,0.15,288.32,69.86
ORD01828,2025-04-20,CUST0148,Office Supplies,Paper,Paper Product 4,East,3,46.69,0.0,140.07,18.09
ORD01829,2025-06-07,CUST0723,Furniture,Chairs,Chairs Product 4,South,5,49.38,0.05,234.56,55.94
ORD01830,2025-02-05,CUST0103,Electronics,Phones,Phones Product 2,West,5,51.12,0.1,230.04,47.45
ORD01831,2025-06-28,CUST0395,Furniture,Chairs,Chairs Product 3,South,1,69.01,0.1,62.11,6.47
ORD01832,2025-10-24,CUST0619,Electronics,Headphones,Headphones Product 6,North,4,41.85,0.05,159.03,21.3
ORD01833,2025-04-28,CUST0784,Office Supplies,Storage,Storage Product 4,West,1,201.77,0.0,201.77,19.13
ORD01834,2025-01-17,CUST0157,Furniture,Tables,Tables Product 4,North,5,51.33,0.0,256.65,43.7
ORD01835,2025-02-09,CUST0646,Office Supplies,Paper,Paper Product 8,East,2,35.16,0.2,56.26,9.19
ORD01836,2025-07-21,CUST0048,Furniture,Tables,Tables Product 8,South,5,273.65,0.0,1368.25,329.67
ORD01837,2025-08-14,CUST0221,Furniture,Desks,Desks Product 8,South,2,72.32,0.0,144.64,13.74
ORD01838,2025-01-29,CUST0366,Electronics,Phones,Phones Product 6,West,2,11.37,0.15,19.33,3.77
ORD01839,2025-11-23,CUST0254,Furniture,Chairs,Chairs Product 8,North,4,41.06,0.0,164.24,14.91
ORD01840,2025-08-08,CUST0258,Accessories,Cables,Cables Product 7,North,3,184.14,0.0,552.42,93.86
ORD01841,2025-08-12,CUST0779,Office Supplies,Binders,Binders Product 5,East,3,72.96,0.05,207.94,28.37
ORD01842,2025-10-25,CUST0694,Electronics,Phones,Phones Product 4,East,4,66.02,0.0,264.08,37.94
ORD01843,2025-09-21,CUST0442,Furniture,Tables,Tables Product 8,South,4,53.74,0.0,214.96,51.76
ORD01844,2025-08-12,CUST0431,Electronics,Phones,Phones Product 5,East,1,39.38,0.1,35.44,4.66
ORD01845,2025-02-21,CUST0610,Furniture,Tables,Tables Product 5,North,3,119.8,0.05,341.43,86.07
ORD01846,2025-01-17,CUST0590,Furniture,Desks,Desks Product 2,East,5,55.27,0.05,262.53,23.84
ORD01847,2025-04-29,CUST0035,Furniture,Desks,Desks Product 1,West,1,44.7,0.0,44.7,12.2
ORD01848,2025-01-07,CUST0445,Office Supplies,Storage,Storage Product 8,West,4,41.24,0.0,164.96,14.62
ORD01849,2025-12-28,CUST0216,Office Supplies,Binders,Binders Product 8,North,2,59.28,0.0,118.56,30.87
ORD01850,2025-09-14,CUST0122,Furniture,Chairs,Chairs Product 1,North,4,49.77,0.1,179.17,32.38
ORD01851,2025-07-02,CUST0282,Office Supplies,Binders,Binders Product 4,North,1,317.11,0.0,317.11,50.24
ORD01852,2025-09-28,CUST0117,Furniture,Tables,Tables Product 8,South,2,31.77,0.15,54.01,8.88
ORD01853,2025-08-08,CUST0027,Accessories,Cables,Cables Product 1,South,3,144.46,0.1,390.04,75.89
ORD01854,2025-04-16,CUST0134,Furniture,Chairs,Chairs Product 8,East,1,104.26,0.05,99.05,21.23
ORD01855,2025-05-20,CUST0492,Accessories,Bags,Bags Product 4,East,1,21.19,0.0,21.19,3.15
ORD01856,2025-12-27,CUST0240,Office Supplies,Paper,Paper Product 2,East,1,121.28,0.2,97.02,18.8
ORD01857,2025-11-15,CUST0069,Accessories,Bags,Bags Product 7,North,4,72.0,0.0,288.0,41.9
ORD01858,2025-09-09,CUST0612,Accessories,Bags,Bags Product 4,South,3,38.63,0.1,104.3,22.97
ORD01859,2025-11-09,CUST0084,Office Supplies,Binders,Binders Product 4,East,5,77.84,0.0,389.2,35.54
ORD01860,2025-03-01,CUST0656,Accessories,Keyboards,Keyboards Product 4,East,1,49.89,0.0,49.89,12.95
ORD01861,2025-02-07,CUST0099,Office Supplies,Storage,Storage Product 8,North,4,106.49,0.1,383.36,30.28
ORD01862,2025-06-28,CUST0065,Electronics,Laptops,Laptops Product 1,South,4,53.05,0.1,190.98,13.19
ORD01863,2025-04-11,CUST0048,Accessories,Keyboards,Keyboards Product 3,South,4,34.88,0.05,132.54,31.27
ORD01864,2025-10-12,CUST0266,Office Supplies,Paper,Paper Product 5,South,5,129.4,0.05,614.65,150.75
ORD01865,2025-10-23,CUST0791,Electronics,Laptops,Laptops Product 4,North,1,122.52,0.1,110.27,19.82
ORD01866,2025-04-16,CUST0109,Electronics,Phones,Phones Product 5,North,1,48.47,0.0,48.47,10.22
ORD01867,2025-04-01,CUST0452,Office Supplies,Binders,Binders Product 5,East,3,48.13,0.0,144.39,18.95
ORD01868,2025-04-09,CUST0416,Accessories,Cables,Cables Product 2,East,5,60.77,0.1,273.47,64.68
ORD01869,2025-04-30,CUST0050,Electronics,Phones,Phones Product 6,West,1,55.07,0.15,46.81,2.51
ORD01870,2025-04-25,CUST0788,Accessories,Cables,Cables Product 7,East,3,41.71,0.05,118.87,16.18
ORD01871,2025-07-08,CUST0405,Furniture,Desks,Desks Product 2,South,2,166.4,0.1,299.52,20.45
ORD01872,2025-09-13,CUST0740,Electronics,Headphones,Headphones Product 5,North,3,59.89,0.1,161.7,25.07
ORD01873,2025-12-01,CUST0754,Office Supplies,Paper,Paper Product 8,North,2,78.96,0.1,142.13,14.81
ORD01874,2025-04-11,CUST0688,Accessories,Cables,Cables Product 3,East,4,387.79,0.05,1473.6,341.9
ORD01875,2025-09-12,CUST0695,Furniture,Tables,Tables Product 2,West,3,75.08,0.05,213.98,18.1
ORD01876,2025-11-06,CUST0004,Accessories,Keyboards,Keyboards Product 7,South,1,75.09,0.15,63.83,11.7
ORD01877,2025-06-02,CUST0310,Office Supplies,Storage,Storage Product 6,West,4,18.89,0.05,71.78,7.75
ORD01878,2025-09-24,CUST0695,Electronics,Laptops,Laptops Product 4,North,3,46.54,0.0,139.62,15.17
ORD01879,2025-02-20,CUST0547,Accessories,Bags,Bags Product 6,South,1,29.02,0.05,27.57,7.06
ORD01880,2025-07-27,CUST0221,Office Supplies,Storage,Storage Product 5,East,4,104.0,0.2,332.8,73.64
ORD01881,2025-07-19,CUST0298,Electronics,Laptops,Laptops Product 6,North,2,67.93,0.2,108.69,10.63
ORD01882,2025-06-29,CUST0799,Office Supplies,Binders,Binders Product 8,North,2,61.47,0.1,110.65,22.99
ORD01883,2025-02-22,CUST0480,Furniture,Chairs,Chairs Product 4,East,3,76.48,0.05,217.97,53.01
ORD01884,2025-08-20,CUST0281,Office Supplies,Paper,Paper Product 3,West,2,97.83,0.15,166.31,28.87
ORD01885,2025-03-10,CUST0134,Accessories,Cables,Cables Product 7,West,2,27.32,0.1,49.18,6.32
ORD01886,2025-01-06,CUST0083,Office Supplies,Paper,Paper Product 7,South,3,15.58,0.05,44.4,6.68
ORD01887,2025-03-07,CUST0590,Accessories,Cables,Cables Product 5,East,5,87.52,0.0,437.6,54.59
ORD01888,2025-04-06,CUST0392,Furniture,Chairs,Chairs Product 2,North,4,83.26,0.0,333.04,32.46
ORD01889,2025-09-23,CUST0437,Accessories,Cables,Cables Product 1,East,4,175.9,0.05,668.42,171.56
ORD01890,2025-08-27,CUST0737,Accessories,Cables,Cables Product 8,North,5,53.6,0.0,268.0,29.79
ORD01891,2025-07-03,CUST0521,Office Supplies,Storage,Storage Product 4,South,5,32.86,0.1,147.87,14.49
ORD01892,2025-04-23,CUST0425,Accessories,Bags,Bags Product 1,North,2,38.66,0.2,61.86,2.5
ORD01893,2025-12-28,CUST0168,Accessories,Cables,Cables Product 5,East,4,68.18,0.2,218.18,15.85
ORD01894,2025-08-25,CUST0146,Electronics,Laptops,Laptops Product 2,North,5,26.74,0.0,133.7,11.02
ORD01895,2025-11-13,CUST0019,Electronics,Laptops,Laptops Product 4,North,3,69.15,0.0,207.45,49.09
ORD01896,2025-04-02,CUST0468,Accessories,Keyboards,Keyboards Product 6,West,2,36.34,0.0,72.68,8.54
ORD01897,2025-05-11,CUST0393,Office Supplies,Storage,Storage Product 1,North,3,67.32,0.1,181.76,11.98
ORD01898,2025-01-20,CUST0633,Furniture,Chairs,Chairs Product 3,East,2,232.85,0.05,442.41,89.3
ORD01899,2025-12-08,CUST0763,Furniture,Tables,Tables Product 6,East,4,19.81,0.05,75.28,8.2
ORD01900,2025-01-16,CUST0504,Office Supplies,Storage,Storage Product 8,West,4,78.49,0.15,266.87,62.0
ORD01901,2025-01-01,CUST0334,Office Supplies,Storage,Storage Product 3,West,5,64.51,0.0,322.55,44.85
ORD01902,2025-03-24,CUST0711,Furniture,Chairs,Chairs Product 3,West,1,36.1,0.0,36.1,7.59
ORD01903,2025-04-05,CUST0776,Office Supplies,Binders,Binders Product 6,North,1,31.64,0.0,31.64,8.7
ORD01904,2025-10-14,CUST0674,Office Supplies,Storage,Storage Product 3,East,1,67.76,0.05,64.37,9.67
ORD01905,2025-03-24,CUST0382,Furniture,Tables,Tables Product 5,East,4,137.94,0.0,551.76,117.75
ORD01906,2025-06-02,CUST0565,Accessories,Keyboards,Keyboards Product 6,East,3,65.83,0.15,167.87,30.33
ORD01907,2025-03-25,CUST0074,Accessories,Keyboards,Keyboards Product 7,West,1,85.29,0.15,72.5,5.01
ORD01908,2025-05-06,CUST0231,Furniture,Desks,Desks Product 3,North,1,32.52,0.15,27.64,5.48
ORD01909,2025-03-19,CUST0628,Furniture,Chairs,Chairs Product 1,East,4,17.18,0.0,68.72,8.47
ORD01910,2025-05-12,CUST0378,Office Supplies,Binders,Binders Product 4,West,4,73.31,0.05,278.58,72.63
ORD01911,2025-01-31,CUST0677,Accessories,Cables,Cables Product 2,East,5,101.8,0.05,483.55,95.84
ORD01912,2025-08-16,CUST0390,Furniture,Desks,Desks Product 8,West,5,22.65,0.0,113.25,14.89
ORD01913,2025-12-02,CUST0464,Accessories,Cables,Cables Product 2,West,1,51.57,0.0,51.57,6.51
ORD01914,2025-05-07,CUST0038,Office Supplies,Binders,Binders Product 5,East,1,31.72,0.15,26.96,4.26
ORD01915,2025-11-08,CUST0385,Accessories,Cables,Cables Product 3,North,2,30.26,0.0,60.52,7.33
ORD01916,2025-07-01,CUST0083,Office Supplies,Binders,Binders Product 2,North,3,15.91,0.05,45.34,6.03
ORD01917,2025-07-21,CUST0002,Accessories,Cables,Cables Product 2,North,5,122.71,0.0,613.55,130.82
ORD01918,2025-07-28,CUST0447,Office Supplies,Binders,Binders Product 2,South,1,64.09,0.0,64.09,7.44
ORD01919,2025-04-23,CUST0163,Electronics,Phones,Phones Product 7,South,4,134.39,0.0,537.56,101.28
ORD01920,2025-05-01,CUST0345,Office Supplies,Paper,Paper Product 4,West,2,34.19,0.0,68.38,12.93
ORD01921,2025-03-14,CUST0066,Furniture,Desks,Desks Product 4,West,2,205.83,0.0,411.66,76.91
ORD01922,2025-04-27,CUST0242,Office Supplies,Binders,Binders Product 6,East,3,34.56,0.05,98.5,8.27
ORD01923,2025-04-09,CUST0527,Furniture,Chairs,Chairs Product 3,East,3,144.18,0.1,389.29,94.61
ORD01924,2025-01-17,CUST0543,Electronics,Laptops,Laptops Product 6,West,3,33.12,0.2,79.49,9.76
ORD01925,2025-04-02,CUST0124,Accessories,Cables,Cables Product 8,South,1,15.28,0.05,14.52,2.21
ORD01926,2025-04-19,CUST0601,Furniture,Chairs,Chairs Product 4,East,3,39.39,0.0,118.17,23.72
ORD01927,2025-01-22,CUST0012,Electronics,Laptops,Laptops Product 6,West,3,108.8,0.05,310.08,68.72
ORD01928,2025-10-13,CUST0765,Accessories,Bags,Bags Product 7,South,4,171.32,0.1,616.75,126.1
ORD01929,2025-05-24,CUST0631,Office Supplies,Binders,Binders Product 2,North,5,133.56,0.15,567.63,128.48
ORD01930,2025-03-15,CUST0678,Electronics,Headphones,Headphones Product 5,East,4,58.84,0.15,200.06,21.06
ORD01931,2025-02-16,CUST0089,Accessories,Bags,Bags Product 5,West,5,91.97,0.0,459.85,109.84
ORD01932,2025-05-27,CUST0615,Furniture,Tables,Tables Product 3,East,2,108.4,0.1,195.12,41.09
ORD01933,2025-08-02,CUST0114,Furniture,Desks,Desks Product 6,East,4,70.86,0.0,283.44,38.65
ORD01934,2025-07-29,CUST0533,Furniture,Tables,Tables Product 6,North,4,101.21,0.05,384.6,33.45
ORD01935,2025-07-11,CUST0442,Office Supplies,Storage,Storage Product 3,East,4,24.54,0.05,93.25,15.93
ORD01936,2025-01-19,CUST0154,Furniture,Tables,Tables Product 8,South,3,68.05,0.0,204.15,29.59
ORD01937,2025-10-05,CUST0002,Electronics,Laptops,Laptops Product 4,North,4,12.44,0.1,44.78,4.86
ORD01938,2025-08-04,CUST0260,Electronics,Laptops,Laptops Product 6,East,4,29.68,0.0,118.72,32.13
ORD01939,2025-03-14,CUST0163,Electronics,Headphones,Headphones Product 4,South,1,108.78,0.0,108.78,23.87
ORD01940,2025-12-29,CUST0246,Accessories,Keyboards,Keyboards Product 1,North,2,39.6,0.0,79.2,15.95
ORD01941,2025-08-28,CUST0708,Furniture,Chairs,Chairs Product 3,West,1,193.7,0.05,184.01,48.47
ORD01942,2025-01-06,CUST0237,Electronics,Headphones,Headphones Product 2,North,1,19.1,0.05,18.14,3.93
ORD01943,2025-04-20,CUST0554,Office Supplies,Binders,Binders Product 5,North,2,93.69,0.2,149.9,13.23
ORD01944,2025-01-24,CUST0429,Accessories,Bags,Bags Product 4,East,4,59.46,0.1,214.06,34.89
ORD01945,2025-09-02,CUST0341,Electronics,Headphones,Headphones Product 2,West,3,57.97,0.15,147.82,13.27
ORD01946,2025-05-28,CUST0411,Furniture,Chairs,Chairs Product 6,North,2,67.77,0.0,135.54,28.64
ORD01947,2025-07-10,CUST0656,Accessories,Bags,Bags Product 3,North,1,30.31,0.0,30.31,3.84
ORD01948,2025-05-29,CUST0696,Electronics,Headphones,Headphones Product 2,East,1,105.16,0.0,105.16,11.04
ORD01949,2025-08-25,CUST0514,Furniture,Tables,Tables Product 7,North,5,41.81,0.0,209.05,26.91
ORD01950,2025-09-25,CUST0572,Accessories,Keyboards,Keyboards Product 7,West,5,94.22,0.2,376.88,37.21
ORD01951,2025-03-17,CUST0556,Accessories,Bags,Bags Product 7,West,1,34.22,0.15,29.09,1.7
ORD01952,2025-07-31,CUST0459,Furniture,Desks,Desks Product 5,North,3,28.89,0.15,73.67,5.06
ORD01953,2025-10-19,CUST0491,Furniture,Desks,Desks Product 4,South,1,345.45,0.0,345.45,53.99
ORD01954,2025-07-23,CUST0103,Accessories,Cables,Cables Product 1,North,3,93.84,0.1,253.37,37.14
ORD01955,2025-08-09,CUST0190,Office Supplies,Paper,Paper Product 6,North,2,54.48,0.05,103.51,12.57
ORD01956,2025-04-11,CUST0375,Electronics,Laptops,Laptops Product 6,West,3,29.85,0.0,89.55,7.44
ORD01957,2025-09-26,CUST0478,Office Supplies,Paper,Paper Product 3,South,2,30.08,0.05,57.15,10.71
ORD01958,2025-10-02,CUST0119,Office Supplies,Storage,Storage Product 2,South,4,41.13,0.0,164.52,34.68
ORD01959,2025-03-12,CUST0383,Accessories,Bags,Bags Product 5,South,5,62.64,0.15,266.22,13.92
ORD01960,2025-07-16,CUST0508,Office Supplies,Paper,Paper Product 1,North,5,43.99,0.0,219.95,24.05
ORD01961,2025-12-03,CUST0063,Furniture,Desks,Desks Product 6,South,2,23.67,0.0,47.34,10.58
ORD01962,2025-10-09,CUST0676,Electronics,Headphones,Headphones Product 7,South,2,96.16,0.0,192.32,52.04
ORD01963,2025-03-12,CUST0420,Accessories,Cables,Cables Product 6,West,2,42.68,0.0,85.36,17.8
ORD01964,2025-06-22,CUST0299,Accessories,Cables,Cables Product 6,East,5,74.86,0.1,336.87,27.6
ORD01965,2025-02-27,CUST0515,Electronics,Laptops,Laptops Product 3,East,2,83.69,0.0,167.38,44.66
ORD01966,2025-09-25,CUST0178,Office Supplies,Paper,Paper Product 5,North,5,179.63,0.05,853.24,216.26
ORD01967,2025-06-05,CUST0556,Furniture,Tables,Tables Product 6,North,3,38.73,0.0,116.19,23.65
ORD01968,2025-11-06,CUST0628,Accessories,Keyboards,Keyboards Product 2,East,1,64.59,0.0,64.59,6.17
ORD01969,2025-11-18,CUST0527,Electronics,Phones,Phones Product 8,North,5,27.75,0.0,138.75,28.13
ORD01970,2025-03-13,CUST0095,Furniture,Desks,Desks Product 6,North,4,70.61,0.0,282.44,73.52
ORD01971,2025-05-13,CUST0432,Accessories,Keyboards,Keyboards Product 6,East,3,50.56,0.15,128.93,10.12
ORD01972,2025-08-09,CUST0735,Furniture,Tables,Tables Product 1,West,1,148.01,0.0,148.01,37.49
ORD01973,2025-03-28,CUST0385,Electronics,Laptops,Laptops Product 7,North,3,49.01,0.05,139.68,29.2
ORD01974,2025-05-30,CUST0280,Furniture,Chairs,Chairs Product 1,North,1,53.74,0.05,51.05,11.52
ORD01975,2025-10-14,CUST0216,Electronics,Headphones,Headphones Product 7,East,3,101.42,0.0,304.26,78.45
ORD01976,2025-12-25,CUST0232,Office Supplies,Paper,Paper Product 8,West,2,67.49,0.05,128.23,15.98
ORD01977,2025-12-07,CUST0402,Office Supplies,Paper,Paper Product 6,West,2,57.41,0.15,97.6,9.68
ORD01978,2025-06-11,CUST0079,Office Supplies,Paper,Paper Product 8,East,5,36.31,0.0,181.55,48.98
ORD01979,2025-01-29,CUST0291,Office Supplies,Paper,Paper Product 4,East,5,105.37,0.05,500.51,91.15
ORD01980,2025-06-09,CUST0610,Office Supplies,Paper,Paper Product 7,South,5,77.53,0.0,387.65,56.06
ORD01981,2025-06-12,CUST0458,Furniture,Desks,Desks Product 4,South,1,30.01,0.15,25.51,3.71
ORD01982,2025-05-25,CUST0104,Furniture,Desks,Desks Product 5,North,3,63.28,0.15,161.36,19.41
ORD01983,2025-12-01,CUST0658,Accessories,Cables,Cables Product 8,East,2,87.52,0.0,175.04,28.24
ORD01984,2025-11-19,CUST0391,Accessories,Bags,Bags Product 6,East,1,159.72,0.15,135.76,26.62
ORD01985,2025-03-15,CUST0258,Accessories,Cables,Cables Product 4,North,2,43.28,0.0,86.56,8.0
ORD01986,2025-10-27,CUST0400,Accessories,Cables,Cables Product 2,North,5,74.23,0.0,371.15,79.42
ORD01987,2025-03-21,CUST0796,Electronics,Headphones,Headphones Product 4,South,3,20.3,0.1,54.81,9.68
ORD01988,2025-09-30,CUST0379,Office Supplies,Paper,Paper Product 6,South,5,79.08,0.1,355.86,35.1
ORD01989,2025-03-11,CUST0187,Furniture,Tables,Tables Product 3,South,1,35.43,0.0,35.43,9.12
ORD01990,2025-04-23,CUST0386,Accessories,Keyboards,Keyboards Product 8,South,3,65.66,0.1,177.28,37.64
ORD01991,2025-08-02,CUST0762,Accessories,Cables,Cables Product 5,West,3,57.03,0.0,171.09,29.19
ORD01992,2025-07-10,CUST0359,Accessories,Bags,Bags Product 6,South,2,325.04,0.0,650.08,141.65
ORD01993,2025-11-22,CUST0431,Furniture,Chairs,Chairs Product 1,East,1,34.51,0.1,31.06,2.41
ORD01994,2025-05-28,CUST0006,Electronics,Phones,Phones Product 3,South,2,28.97,0.0,57.94,8.69
ORD01995,2025-02-16,CUST0667,Office Supplies,Paper,Paper Product 5,West,5,59.66,0.1,268.47,64.77
ORD01996,2025-11-16,CUST0576,Electronics,Phones,Phones Product 4,West,5,122.1,0.05,579.98,51.66
ORD01997,2025-08-16,CUST0050,Electronics,Headphones,Headphones Product 2,South,3,139.0,0.2,333.6,14.89
ORD01998,2025-10-20,CUST0021,Accessories,Bags,Bags Product 2,East,1,64.72,0.0,64.72,8.33
ORD01999,2025-07-21,CUST0433,Accessories,Cables,Cables Product 8,West,1,32.95,0.2,26.36,3.91
ORD02000,2025-03-04,CUST0500,Furniture,Chairs,Chairs Product 1,East,1,70.75,0.15,60.14,3.26
ORD02001,2025-07-21,CUST0016,Accessories,Bags,Bags Product 4,East,4,247.71,0.0,990.84,251.06
ORD02002,2025-12-14,CUST0226,Accessories,Keyboards,Keyboards Product 7,East,4,156.98,0.05,596.52,91.27
ORD02003,2025-09-23,CUST0233,Electronics,Phones,Phones Product 7,East,1,107.97,0.0,107.97,27.26
ORD02004,2025-06-17,CUST0428,Furniture,Tables,Tables Product 2,North,4,157.29,0.1,566.24,75.33
ORD02005,2025-10-13,CUST0724,Office Supplies,Paper,Paper Product 4,North,3,56.64,0.0,169.92,19.29
ORD02006,2025-05-04,CUST0640,Office Supplies,Paper,Paper Product 6,North,2,431.52,0.15,733.58,81.23
ORD02007,2025-02-05,CUST0394,Accessories,Cables,Cables Product 7,East,2,41.15,0.0,82.3,8.31
ORD02008,2025-06-17,CUST0432,Office Supplies,Paper,Paper Product 2,South,5,41.63,0.1,187.34,17.22
ORD02009,2025-12-07,CUST0100,Accessories,Keyboards,Keyboards Product 5,West,5,28.88,0.1,129.96,23.74
ORD02010,2025-03-08,CUST0093,Electronics,Phones,Phones Product 5,West,4,100.49,0.0,401.96,73.52
ORD02011,2025-03-18,CUST0658,Electronics,Laptops,Laptops Product 1,West,2,37.11,0.15,63.09,11.52
ORD02012,2025-02-27,CUST0121,Electronics,Headphones,Headphones Product 6,East,4,41.73,0.0,166.92,45.53
ORD02013,2025-09-27,CUST0228,Furniture,Chairs,Chairs Product 8,South,1,53.81,0.0,53.81,11.39
ORD02014,2025-01-22,CUST0019,Accessories,Cables,Cables Product 6,North,3,118.2,0.15,301.41,14.88
ORD02015,2025-02-25,CUST0419,Furniture,Desks,Desks Product 3,North,1,39.77,0.1,35.79,3.29
ORD02016,2025-02-21,CUST0376,Furniture,Desks,Desks Product 5,North,2,219.32,0.0,438.64,109.65
ORD02017,2025-07-02,CUST0519,Electronics,Laptops,Laptops Product 4,North,1,206.42,0.0,206.42,56.1
ORD02018,2025-08-23,CUST0148,Accessories,Bags,Bags Product 7,North,1,138.49,0.05,131.57,15.98
ORD02019,2025-10-02,CUST0024,Office Supplies,Paper,Paper Product 3,East,4,81.53,0.2,260.9,17.38
ORD02020,2025-04-23,CUST0327,Furniture,Desks,Desks Product 8,West,3,151.54,0.15,386.43,17.19
ORD02021,2025-07-14,CUST0755,Electronics,Laptops,Laptops Product 4,East,3,56.65,0.05,161.45,24.47
ORD02022,2025-09-30,CUST0395,Accessories,Bags,Bags Product 6,South,3,45.29,0.1,122.28,15.31
ORD02023,2025-03-10,CUST0487,Electronics,Headphones,Headphones Product 5,East,2,38.08,0.05,72.35,13.74
ORD02024,2025-01-20,CUST0284,Office Supplies,Storage,Storage Product 8,East,4,89.58,0.0,358.32,70.41
ORD02025,2025-03-07,CUST0592,Accessories,Cables,Cables Product 6,South,1,8.43,0.05,8.01,1.42
ORD02026,2025-04-12,CUST0189,Office Supplies,Paper,Paper Product 4,North,4,20.9,0.0,83.6,17.88
ORD02027,2025-04-25,CUST0515,Office Supplies,Paper,Paper Product 8,North,2,16.4,0.0,32.8,4.58
ORD02028,2025-07-24,CUST0011,Accessories,Bags,Bags Product 5,South,2,62.65,0.0,125.3,29.11
ORD02029,2025-09-14,CUST0139,Electronics,Laptops,Laptops Product 1,East,5,74.78,0.05,355.2,73.47
ORD02030,2025-09-01,CUST0159,Accessories,Bags,Bags Product 1,East,2,85.54,0.0,171.08,25.28
ORD02031,2025-06-08,CUST0480,Accessories,Cables,Cables Product 5,East,4,39.1,0.15,132.94,13.65
ORD02032,2025-10-25,CUST0781,Accessories,Keyboards,Keyboards Product 1,South,2,105.22,0.2,168.35,22.89
ORD02033,2025-04-24,CUST0212,Furniture,Tables,Tables Product 8,East,2,58.91,0.2,94.26,7.35
ORD02034,2025-07-31,CUST0614,Office Supplies,Paper,Paper Product 5,East,5,33.43,0.05,158.79,42.47
ORD02035,2025-03-12,CUST0272,Furniture,Tables,Tables Product 2,West,2,53.51,0.0,107.02,17.87
ORD02036,2025-02-03,CUST0712,Office Supplies,Binders,Binders Product 2,East,4,44.01,0.15,149.63,35.28
ORD02037,2025-12-11,CUST0601,Office Supplies,Paper,Paper Product 5,South,1,40.6,0.0,40.6,5.83
ORD02038,2025-10-08,CUST0258,Office Supplies,Binders,Binders Product 8,South,1,106.68,0.0,106.68,14.86
ORD02039,2025-01-15,CUST0498,Furniture,Desks,Desks Product 8,North,4,33.75,0.0,135.0,31.81
ORD02040,2025-10-19,CUST0408,Office Supplies,Paper,Paper Product 6,South,3,45.69,0.0,137.07,12.79
ORD02041,2025-06-16,CUST0788,Accessories,Cables,Cables Product 1,West,3,36.72,0.05,104.65,15.02
ORD02042,2025-02-21,CUST0050,Accessories,Bags,Bags Product 7,North,4,31.82,0.0,127.28,12.64
ORD02043,2025-11-06,CUST0735,Accessories,Bags,Bags Product 6,South,5,110.84,0.15,471.07,77.93
ORD02044,2025-03-07,CUST0445,Office Supplies,Storage,Storage Product 3,North,5,262.37,0.1,1180.66,254.81
ORD02045,2025-06-02,CUST0045,Furniture,Chairs,Chairs Product 3,South,3,159.22,0.0,477.66,40.49
ORD02046,2025-01-04,CUST0539,Accessories,Cables,Cables Product 5,East,2,29.58,0.05,56.2,7.18
ORD02047,2025-07-06,CUST0520,Office Supplies,Paper,Paper Product 8,West,5,76.78,0.1,345.51,83.67
ORD02048,2025-05-07,CUST0361,Electronics,Headphones,Headphones Product 6,North,4,51.58,0.15,175.37,16.56
ORD02049,2025-08-29,CUST0776,Office Supplies,Paper,Paper Product 4,South,2,40.7,0.0,81.4,20.3
ORD02050,2025-02-06,CUST0052,Accessories,Keyboards,Keyboards Product 6,West,4,149.9,0.1,539.64,41.11
ORD02051,2025-05-23,CUST0148,Electronics,Laptops,Laptops Product 4,North,3,208.17,0.0,624.51,78.1
ORD02052,2025-04-29,CUST0485,Furniture,Chairs,Chairs Product 4,North,4,102.38,0.05,389.04,39.82
ORD02053,2025-10-21,CUST0512,Furniture,Chairs,Chairs Product 2,West,5,145.98,0.1,656.91,72.01
ORD02054,2025-08-08,CUST0309,Furniture,Chairs,Chairs Product 7,West,5,67.61,0.0,338.05,63.33
ORD02055,2025-07-12,CUST0115,Electronics,Headphones,Headphones Product 4,North,1,33.41,0.0,33.41,9.18
ORD02056,2025-07-03,CUST0544,Electronics,Phones,Phones Product 5,West,5,22.12,0.05,105.07,14.41
ORD02057,2025-05-01,CUST0115,Electronics,Phones,Phones Product 7,North,4,84.8,0.0,339.2,35.14
ORD02058,2025-12-09,CUST0102,Electronics,Laptops,Laptops Product 2,West,2,66.36,0.0,132.72,35.79
ORD02059,2025-05-31,CUST0257,Furniture,Chairs,Chairs Product 2,West,1,63.8,0.0,63.8,11.93
ORD02060,2025-04-13,CUST0044,Office Supplies,Binders,Binders Product 2,South,1,83.35,0.05,79.18,12.98
ORD02061,2025-04-07,CUST0097,Furniture,Tables,Tables Product 6,East,4,32.85,0.0,131.4,16.0
ORD02062,2025-12-09,CUST0102,Electronics,Headphones,Headphones Product 3,South,2,53.52,0.1,96.34,6.29
ORD02063,2025-06-15,CUST0314,Furniture,Tables,Tables Product 3,East,1,43.95,0.1,39.56,9.69
ORD02064,2025-02-17,CUST0278,Electronics,Headphones,Headphones Product 8,North,2,68.98,0.0,137.96,35.11
ORD02065,2025-12-29,CUST0774,Electronics,Phones,Phones Product 4,South,1,116.33,0.1,104.7,23.0
ORD02066,2025-11-18,CUST0565,Office Supplies,Binders,Binders Product 8,West,3,64.98,0.05,185.19,16.03
ORD02067,2025-07-26,CUST0118,Office Supplies,Paper,Paper Product 2,South,4,143.02,0.0,572.08,121.69
ORD02068,2025-05-11,CUST0600,Accessories,Cables,Cables Product 3,East,2,108.45,0.0,216.9,33.35
ORD02069,2025-11-07,CUST0774,Office Supplies,Paper,Paper Product 5,East,1,20.42,0.0,20.42,3.33
ORD02070,2025-11-01,CUST0081,Office Supplies,Storage,Storage Product 5,East,5,46.99,0.0,234.95,31.09
ORD02071,2025-08-10,CUST0294,Office Supplies,Paper,Paper Product 2,West,1,34.59,0.15,29.4,1.69
ORD02072,2025-03-26,CUST0211,Accessories,Bags,Bags Product 8,West,3,118.84,0.1,320.87,75.57
ORD02073,2025-12-23,CUST0513,Electronics,Laptops,Laptops Product 7,North,5,97.95,0.0,489.75,48.64
ORD02074,2025-04-26,CUST0630,Accessories,Keyboards,Keyboards Product 1,North,2,26.28,0.0,52.56,5.83
ORD02075,2025-12-05,CUST0482,Furniture,Desks,Desks Product 7,South,5,36.09,0.05,171.43,45.61
ORD02076,2025-04-17,CUST0535,Office Supplies,Paper,Paper Product 8,East,1,25.6,0.15,21.76,2.56
ORD02077,2025-02-22,CUST0046,Furniture,Tables,Tables Product 1,South,1,55.32,0.15,47.02,5.11
ORD02078,2025-01-18,CUST0788,Accessories,Bags,Bags Product 8,West,4,75.92,0.15,258.13,32.2
ORD02079,2025-05-16,CUST0564,Furniture,Chairs,Chairs Product 5,West,1,42.78,0.1,38.5,7.04
ORD02080,2025-10-18,CUST0034,Accessories,Cables,Cables Product 5,East,3,86.22,0.1,232.79,36.93
ORD02081,2025-02-15,CUST0353,Office Supplies,Binders,Binders Product 7,South,5,50.89,0.05,241.73,31.99
ORD02082,2025-03-15,CUST0179,Furniture,Tables,Tables Product 1,North,4,120.86,0.0,483.44,79.56
ORD02083,2025-01-05,CUST0710,Accessories,Cables,Cables Product 8,North,3,94.59,0.0,283.77,39.66
ORD02084,2025-10-25,CUST0066,Furniture,Chairs,Chairs Product 4,West,4,27.05,0.15,91.97,6.3
ORD02085,2025-09-16,CUST0207,Furniture,Chairs,Chairs Product 8,West,5,16.93,0.05,80.42,18.07
ORD02086,2025-07-14,CUST0366,Electronics,Laptops,Laptops Product 8,North,4,98.14,0.0,392.56,101.51
ORD02087,2025-12-11,CUST0036,Furniture,Desks,Desks Product 1,North,2,88.91,0.1,160.04,15.68
ORD02088,2025-01-19,CUST0325,Furniture,Chairs,Chairs Product 4,North,5,67.36,0.0,336.8,76.73
ORD02089,2025-10-18,CUST0797,Electronics,Laptops,Laptops Product 4,East,1,118.32,0.1,106.49,7.94
ORD02090,2025-08-07,CUST0149,Accessories,Cables,Cables Product 5,West,2,30.43,0.0,60.86,8.93
ORD02091,2025-08-10,CUST0774,Furniture,Tables,Tables Product 8,North,5,27.78,0.1,125.01,20.76
ORD02092,2025-05-18,CUST0500,Furniture,Desks,Desks Product 1,East,4,77.38,0.05,294.04,74.36
ORD02093,2025-12-04,CUST0694,Office Supplies,Storage,Storage Product 8,East,2,14.93,0.0,29.86,5.68
ORD02094,2025-03-18,CUST0119,Furniture,Tables,Tables Product 2,North,2,32.3,0.0,64.6,7.46
ORD02095,2025-04-29,CUST0260,Furniture,Desks,Desks Product 4,North,1,67.02,0.05,63.67,8.42
ORD02096,2025-12-23,CUST0153,Furniture,Desks,Desks Product 2,South,1,148.4,0.0,148.4,18.38
ORD02097,2025-05-07,CUST0212,Furniture,Chairs,Chairs Product 3,East,4,17.36,0.0,69.44,17.65
ORD02098,2025-07-23,CUST0372,Electronics,Phones,Phones Product 8,West,3,14.51,0.1,39.18,2.64
ORD02099,2025-03-15,CUST0152,Office Supplies,Paper,Paper Product 6,South,4,111.12,0.2,355.58,38.11
ORD02100,2025-08-21,CUST0420,Electronics,Laptops,Laptops Product 1,North,4,61.8,0.1,222.48,16.18
ORD02101,2025-09-30,CUST0628,Electronics,Headphones,Headphones Product 6,West,4,21.15,0.2,67.68,8.25
ORD02102,2025-08-18,CUST0606,Electronics,Laptops,Laptops Product 4,West,5,25.65,0.05,121.84,18.81
ORD02103,2025-07-06,CUST0791,Electronics,Headphones,Headphones Product 5,East,4,18.1,0.2,57.92,9.08
ORD02104,2025-03-19,CUST0687,Office Supplies,Binders,Binders Product 6,South,4,292.86,0.05,1112.87,269.95
ORD02105,2025-07-30,CUST0628,Accessories,Bags,Bags Product 1,East,4,146.04,0.05,554.95,136.3
ORD02106,2025-01-20,CUST0336,Furniture,Chairs,Chairs Product 6,South,5,81.1,0.05,385.22,40.84
ORD02107,2025-04-11,CUST0016,Electronics,Phones,Phones Product 6,North,5,76.42,0.1,343.89,61.68
ORD02108,2025-04-26,CUST0485,Furniture,Desks,Desks Product 7,East,2,259.25,0.2,414.8,45.23
ORD02109,2025-05-15,CUST0253,Office Supplies,Storage,Storage Product 5,North,4,37.08,0.15,126.07,9.42
ORD02110,2025-07-06,CUST0562,Furniture,Chairs,Chairs Product 7,East,5,87.83,0.0,439.15,108.86
ORD02111,2025-02-24,CUST0542,Office Supplies,Paper,Paper Product 3,South,2,58.95,0.05,112.0,26.86
ORD02112,2025-08-20,CUST0138,Office Supplies,Paper,Paper Product 3,East,2,65.55,0.0,131.1,20.76
ORD02113,2025-10-09,CUST0324,Electronics,Laptops,Laptops Product 1,North,4,36.7,0.05,139.46,25.97
ORD02114,2025-09-15,CUST0562,Electronics,Phones,Phones Product 8,East,2,30.36,0.2,48.58,2.34
ORD02115,2025-07-08,CUST0698,Furniture,Desks,Desks Product 3,North,4,76.15,0.05,289.37,68.05
ORD02116,2025-02-13,CUST0077,Accessories,Bags,Bags Product 7,East,5,85.0,0.0,425.0,105.92
ORD02117,2025-08-29,CUST0741,Electronics,Phones,Phones Product 1,West,4,67.11,0.0,268.44,33.89
ORD02118,2025-09-23,CUST0298,Furniture,Desks,Desks Product 1,East,5,96.77,0.15,411.27,83.87
ORD02119,2025-02-11,CUST0406,Electronics,Phones,Phones Product 6,South,5,14.04,0.1,63.18,11.2
ORD02120,2025-10-31,CUST0394,Electronics,Phones,Phones Product 5,South,4,140.42,0.15,477.43,43.68
ORD02121,2025-05-13,CUST0767,Office Supplies,Paper,Paper Product 3,South,4,85.43,0.05,324.63,81.19
ORD02122,2025-11-01,CUST0352,Office Supplies,Paper,Paper Product 2,North,5,43.11,0.15,183.22,24.14
ORD02123,2025-08-12,CUST0162,Office Supplies,Paper,Paper Product 3,South,2,116.95,0.0,233.9,61.29
ORD02124,2025-08-02,CUST0138,Furniture,Tables,Tables Product 8,South,5,57.89,0.05,274.98,33.78
ORD02125,2025-04-29,CUST0553,Electronics,Headphones,Headphones Product 3,East,1,109.15,0.0,109.15,19.18
ORD02126,2025-11-26,CUST0123,Office Supplies,Paper,Paper Product 5,West,3,16.77,0.15,42.76,7.77
ORD02127,2025-11-20,CUST0374,Office Supplies,Storage,Storage Product 4,South,3,120.58,0.0,361.74,83.52
ORD02128,2025-07-24,CUST0518,Furniture,Desks,Desks Product 5,East,2,43.19,0.0,86.38,18.83
ORD02129,2025-12-08,CUST0608,Accessories,Bags,Bags Product 3,South,1,41.7,0.05,39.62,6.29
ORD02130,2025-07-02,CUST0502,Office Supplies,Binders,Binders Product 7,North,1,17.49,0.0,17.49,4.9
ORD02131,2025-05-01,CUST0356,Furniture,Tables,Tables Product 4,East,3,35.5,0.1,95.85,14.99
ORD02132,2025-03-11,CUST0564,Accessories,Keyboards,Keyboards Product 3,East,4,64.96,0.0,259.84,37.66
ORD02133,2025-07-22,CUST0351,Office Supplies,Storage,Storage Product 4,South,5,86.25,0.05,409.69,90.14
ORD02134,2025-06-14,CUST0274,Accessories,Cables,Cables Product 5,East,2,166.95,0.15,283.81,55.72
ORD02135,2025-01-22,CUST0706,Office Supplies,Paper,Paper Product 8,West,1,102.43,0.15,87.07,4.1
ORD02136,2025-10-31,CUST0779,Furniture,Chairs,Chairs Product 3,East,5,80.97,0.15,344.12,71.98
ORD02137,2025-05-23,CUST0476,Accessories,Bags,Bags Product 2,East,2,59.56,0.0,119.12,31.68
ORD02138,2025-06-27,CUST0557,Accessories,Cables,Cables Product 1,North,3,44.8,0.2,107.52,12.3
ORD02139,2025-10-27,CUST0708,Electronics,Headphones,Headphones Product 2,West,5,68.02,0.0,340.1,56.54
ORD02140,2025-12-15,CUST0480,Accessories,Bags,Bags Product 2,South,2,124.41,0.2,199.06,42.15
ORD02141,2025-09-14,CUST0110,Electronics,Headphones,Headphones Product 8,West,2,31.83,0.0,63.66,5.84
ORD02142,2025-11-03,CUST0290,Accessories,Cables,Cables Product 8,South,2,26.54,0.0,53.08,10.17
ORD02143,2025-04-11,CUST0216,Office Supplies,Paper,Paper Product 5,West,4,47.04,0.0,188.16,32.61
ORD02144,2025-06-01,CUST0697,Office Supplies,Paper,Paper Product 6,West,4,32.0,0.0,128.0,31.56
ORD02145,2025-08-20,CUST0585,Accessories,Keyboards,Keyboards Product 8,East,2,54.19,0.05,102.96,23.16
ORD02146,2025-04-05,CUST0656,Accessories,Cables,Cables Product 7,East,3,61.81,0.0,185.43,28.45
ORD02147,2025-09-17,CUST0223,Electronics,Laptops,Laptops Product 5,West,2,58.08,0.05,110.35,15.62
ORD02148,2025-03-29,CUST0191,Office Supplies,Binders,Binders Product 8,South,4,59.4,0.0,237.6,51.82
ORD02149,2025-09-08,CUST0298,Office Supplies,Binders,Binders Product 3,North,4,31.86,0.0,127.44,31.74
ORD02150,2025-05-08,CUST0221,Office Supplies,Binders,Binders Product 1,West,5,116.77,0.15,496.27,101.97
ORD02151,2025-06-07,CUST0385,Office Supplies,Storage,Storage Product 8,East,4,79.26,0.0,317.04,78.38
ORD02152,2025-03-29,CUST0099,Accessories,Bags,Bags Product 8,North,2,137.07,0.05,260.43,37.18
ORD02153,2025-03-17,CUST0232,Furniture,Chairs,Chairs Product 5,South,5,61.52,0.0,307.6,51.49
ORD02154,2025-01-22,CUST0552,Accessories,Cables,Cables Product 7,South,4,69.0,0.1,248.4,49.4
ORD02155,2025-06-18,CUST0570,Electronics,Phones,Phones Product 4,South,4,68.27,0.0,273.08,41.25
ORD02156,2025-11-08,CUST0565,Office Supplies,Binders,Binders Product 4,South,3,33.17,0.0,99.51,15.45
ORD02157,2025-01-31,CUST0238,Office Supplies,Paper,Paper Product 5,South,1,135.91,0.0,135.91,24.32
ORD02158,2025-01-16,CUST0209,Accessories,Keyboards,Keyboards Product 7,West,4,69.26,0.0,277.04,66.13
ORD02159,2025-02-03,CUST0404,Office Supplies,Binders,Binders Product 7,North,5,100.11,0.15,425.47,102.45
ORD02160,2025-11-06,CUST0775,Furniture,Chairs,Chairs Product 2,South,4,114.86,0.0,459.44,100.82
ORD02161,2025-03-22,CUST0432,Office Supplies,Binders,Binders Product 1,West,3,91.31,0.0,273.93,68.95
ORD02162,2025-05-07,CUST0437,Office Supplies,Paper,Paper Product 3,East,2,37.94,0.0,75.88,12.14
ORD02163,2025-05-02,CUST0272,Furniture,Desks,Desks Product 7,North,5,20.53,0.15,87.25,8.77
ORD02164,2025-06-17,CUST0478,Accessories,Bags,Bags Product 4,West,5,115.36,0.1,519.12,78.5
ORD02165,2025-10-17,CUST0031,Electronics,Laptops,Laptops Product 7,South,5,57.44,0.0,287.2,59.94
ORD02166,2025-01-22,CUST0642,Office Supplies,Storage,Storage Product 5,South,5,104.41,0.15,443.74,76.4
ORD02167,2025-11-29,CUST0479,Furniture,Tables,Tables Product 6,East,2,28.83,0.05,54.78,12.25
ORD02168,2025-08-25,CUST0678,Accessories,Cables,Cables Product 5,East,4,40.12,0.05,152.46,29.33
ORD02169,2025-05-14,CUST0618,Accessories,Bags,Bags Product 7,North,4,32.3,0.1,116.28,19.04
ORD02170,2025-04-20,CUST0392,Accessories,Bags,Bags Product 7,East,2,237.86,0.05,451.93,51.05
ORD02171,2025-06-18,CUST0327,Office Supplies,Storage,Storage Product 5,West,5,68.06,0.05,323.28,76.0
ORD02172,2025-10-24,CUST0590,Furniture,Chairs,Chairs Product 8,West,5,49.64,0.0,248.2,41.56
ORD02173,2025-10-17,CUST0201,Furniture,Chairs,Chairs Product 7,East,1,76.87,0.15,65.34,14.54
ORD02174,2025-08-18,CUST0732,Electronics,Laptops,Laptops Product 8,West,2,89.97,0.05,170.94,29.96
ORD02175,2025-11-19,CUST0090,Furniture,Desks,Desks Product 1,West,1,107.7,0.1,96.93,24.05
ORD02176,2025-08-16,CUST0259,Electronics,Laptops,Laptops Product 3,South,4,47.01,0.0,188.04,25.12
ORD02177,2025-08-30,CUST0428,Office Supplies,Storage,Storage Product 3,South,1,144.0,0.0,144.0,23.83
ORD02178,2025-10-01,CUST0261,Accessories,Bags,Bags Product 7,West,5,49.56,0.2,198.24,6.52
ORD02179,2025-12-03,CUST0229,Electronics,Phones,Phones Product 2,South,5,110.55,0.15,469.84,38.92
ORD02180,2025-05-08,CUST0046,Furniture,Tables,Tables Product 2,North,5,26.47,0.1,119.11,6.78
ORD02181,2025-03-28,CUST0080,Office Supplies,Storage,Storage Product 4,South,5,96.58,0.1,434.61,74.66
ORD02182,2025-10-19,CUST0760,Electronics,Laptops,Laptops Product 7,North,3,208.19,0.0,624.57,163.39
ORD02183,2025-06-01,CUST0400,Accessories,Cables,Cables Product 2,East,4,40.69,0.05,154.62,29.34
ORD02184,2025-05-03,CUST0505,Electronics,Phones,Phones Product 2,East,4,148.44,0.15,504.7,106.71
ORD02185,2025-10-20,CUST0726,Office Supplies,Storage,Storage Product 6,West,5,54.94,0.2,219.76,24.33
ORD02186,2025-03-11,CUST0144,Office Supplies,Binders,Binders Product 6,East,1,55.52,0.05,52.74,8.31
ORD02187,2025-07-14,CUST0367,Electronics,Headphones,Headphones Product 3,North,5,77.64,0.05,368.79,32.28
ORD02188,2025-06-02,CUST0341,Furniture,Tables,Tables Product 1,West,5,48.59,0.05,230.8,55.96
ORD02189,2025-05-14,CUST0601,Furniture,Chairs,Chairs Product 6,South,1,223.28,0.05,212.12,54.93
ORD02190,2025-03-22,CUST0790,Office Supplies,Binders,Binders Product 7,South,2,34.47,0.05,65.49,7.92
ORD02191,2025-01-13,CUST0736,Accessories,Cables,Cables Product 8,South,4,79.5,0.15,270.3,37.58
ORD02192,2025-03-10,CUST0463,Electronics,Laptops,Laptops Product 8,East,4,31.32,0.1,112.75,18.15
ORD02193,2025-05-03,CUST0261,Accessories,Keyboards,Keyboards Product 2,West,2,138.43,0.1,249.17,29.36
ORD02194,2025-08-23,CUST0028,Accessories,Keyboards,Keyboards Product 7,North,1,24.0,0.1,21.6,1.52
ORD02195,2025-06-06,CUST0095,Furniture,Chairs,Chairs Product 5,East,3,91.24,0.0,273.72,45.3
ORD02196,2025-08-17,CUST0009,Furniture,Tables,Tables Product 3,West,3,70.54,0.0,211.62,33.37
ORD02197,2025-11-11,CUST0705,Accessories,Keyboards,Keyboards Product 1,North,1,67.81,0.1,61.03,10.35
ORD02198,2025-05-07,CUST0364,Accessories,Cables,Cables Product 6,North,4,45.91,0.2,146.91,8.12
ORD02199,2025-12-20,CUST0010,Accessories,Bags,Bags Product 8,North,2,103.6,0.0,207.2,48.75
ORD02200,2025-11-01,CUST0740,Accessories,Keyboards,Keyboards Product 6,North,5,73.4,0.1,330.3,40.79
ORD02201,2025-06-08,CUST0065,Electronics,Laptops,Laptops Product 4,West,3,68.06,0.1,183.76,43.38
ORD02202,2025-05-11,CUST0513,Office Supplies,Storage,Storage Product 7,East,3,19.29,0.0,57.87,5.19
ORD02203,2025-05-02,CUST0552,Furniture,Tables,Tables Product 4,East,5,82.67,0.1,372.02,51.82
ORD02204,2025-10-05,CUST0156,Accessories,Keyboards,Keyboards Product 4,East,4,16.56,0.1,59.62,4.86
ORD02205,2025-04-13,CUST0197,Furniture,Chairs,Chairs Product 8,West,4,64.3,0.1,231.48,55.76
ORD02206,2025-02-21,CUST0002,Furniture,Desks,Desks Product 1,North,4,62.14,0.1,223.7,27.89
ORD02207,2025-01-31,CUST0518,Accessories,Keyboards,Keyboards Product 4,South,5,19.91,0.15,84.62,16.14
ORD02208,2025-12-28,CUST0172,Electronics,Laptops,Laptops Product 7,South,5,32.59,0.05,154.8,39.62
ORD02209,2025-02-15,CUST0574,Office Supplies,Paper,Paper Product 6,South,3,50.93,0.1,137.51,16.88
ORD02210,2025-10-01,CUST0558,Accessories,Bags,Bags Product 8,South,5,49.7,0.1,223.65,18.88
ORD02211,2025-03-20,CUST0175,Accessories,Keyboards,Keyboards Product 5,West,2,45.42,0.0,90.84,10.35
ORD02212,2025-10-17,CUST0635,Furniture,Tables,Tables Product 1,West,4,41.95,0.1,151.02,30.37
ORD02213,2025-07-28,CUST0095,Furniture,Chairs,Chairs Product 3,West,3,19.42,0.0,58.26,7.73
ORD02214,2025-05-27,CUST0202,Office Supplies,Paper,Paper Product 1,West,2,88.63,0.1,159.53,29.74
ORD02215,2025-02-17,CUST0188,Accessories,Cables,Cables Product 3,West,3,41.29,0.0,123.87,33.1
ORD02216,2025-07-30,CUST0360,Electronics,Phones,Phones Product 4,West,1,80.82,0.05,76.78,17.42
ORD02217,2025-06-21,CUST0560,Accessories,Bags,Bags Product 3,North,4,53.57,0.1,192.85,43.5
ORD02218,2025-10-18,CUST0075,Office Supplies,Binders,Binders Product 8,West,4,97.55,0.15,331.67,34.76
ORD02219,2025-11-19,CUST0192,Electronics,Headphones,Headphones Product 8,North,3,65.47,0.0,196.41,40.91
ORD02220,2025-01-01,CUST0391,Electronics,Phones,Phones Product 8,West,3,72.49,0.0,217.47,57.77
ORD02221,2025-09-03,CUST0681,Electronics,Phones,Phones Product 8,South,5,56.27,0.0,281.35,57.83
ORD02222,2025-02-17,CUST0486,Accessories,Bags,Bags Product 3,East,5,72.79,0.1,327.56,54.21
ORD02223,2025-02-02,CUST0460,Furniture,Chairs,Chairs Product 2,East,4,30.55,0.0,122.2,17.14
ORD02224,2025-04-15,CUST0175,Accessories,Bags,Bags Product 6,North,5,61.67,0.2,246.68,51.01
ORD02225,2025-02-05,CUST0099,Electronics,Laptops,Laptops Product 5,South,2,71.95,0.0,143.9,37.79
ORD02226,2025-04-04,CUST0781,Furniture,Tables,Tables Product 8,East,5,37.73,0.1,169.78,36.22
ORD02227,2025-01-24,CUST0232,Office Supplies,Storage,Storage Product 1,South,1,103.02,0.05,97.87,7.34
ORD02228,2025-07-18,CUST0491,Electronics,Headphones,Headphones Product 6,East,2,38.84,0.05,73.8,16.98
ORD02229,2025-11-03,CUST0557,Office Supplies,Paper,Paper Product 8,East,3,51.59,0.0,154.77,28.38
ORD02230,2025-03-21,CUST0116,Accessories,Bags,Bags Product 1,South,4,22.26,0.05,84.59,16.97
ORD02231,2025-12-24,CUST0117,Accessories,Keyboards,Keyboards Product 4,North,1,106.67,0.0,106.67,13.43
ORD02232,2025-11-09,CUST0622,Electronics,Phones,Phones Product 3,South,4,139.6,0.0,558.4,75.6
ORD02233,2025-08-28,CUST0113,Furniture,Tables,Tables Product 3,South,3,35.43,0.0,106.29,24.04
ORD02234,2025-03-30,CUST0732,Office Supplies,Paper,Paper Product 3,North,3,43.84,0.2,105.22,19.45
ORD02235,2025-03-14,CUST0741,Electronics,Phones,Phones Product 6,West,4,79.65,0.05,302.67,65.35
ORD02236,2025-10-17,CUST0184,Accessories,Cables,Cables Product 3,East,3,29.09,0.15,74.18,15.75
ORD02237,2025-12-23,CUST0782,Furniture,Desks,Desks Product 3,South,4,56.1,0.0,224.4,33.32
ORD02238,2025-07-03,CUST0116,Accessories,Cables,Cables Product 2,East,1,26.57,0.1,23.91,3.26
ORD02239,2025-12-25,CUST0516,Accessories,Cables,Cables Product 7,West,1,13.08,0.2,10.46,0.7
ORD02240,2025-11-03,CUST0670,Office Supplies,Paper,Paper Product 6,West,4,35.99,0.0,143.96,12.83
ORD02241,2025-08-24,CUST0347,Accessories,Bags,Bags Product 8,West,3,228.59,0.05,651.48,85.31
ORD02242,2025-03-22,CUST0738,Office Supplies,Paper,Paper Product 1,South,4,78.37,0.1,282.13,23.7
ORD02243,2025-11-23,CUST0666,Furniture,Desks,Desks Product 4,West,2,73.85,0.05,140.31,12.53
ORD02244,2025-04-07,CUST0280,Office Supplies,Storage,Storage Product 7,South,1,31.83,0.2,25.46,2.46
ORD02245,2025-06-22,CUST0516,Office Supplies,Binders,Binders Product 4,South,2,75.74,0.05,143.91,10.16
ORD02246,2025-08-24,CUST0156,Electronics,Headphones,Headphones Product 4,East,5,21.49,0.0,107.45,18.48
ORD02247,2025-12-14,CUST0784,Furniture,Tables,Tables Product 2,West,3,106.29,0.05,302.93,64.09
ORD02248,2025-07-01,CUST0315,Office Supplies,Binders,Binders Product 4,West,5,38.42,0.2,153.68,26.76
ORD02249,2025-08-02,CUST0387,Accessories,Bags,Bags Product 1,West,5,72.75,0.15,309.19,69.82
ORD02250,2025-08-31,CUST0666,Office Supplies,Paper,Paper Product 8,South,2,55.09,0.1,99.16,9.05
ORD02251,2025-12-21,CUST0485,Electronics,Phones,Phones Product 2,East,4,49.22,0.05,187.04,13.25
ORD02252,2025-12-28,CUST0144,Electronics,Headphones,Headphones Product 7,East,2,127.47,0.05,242.19,49.76
ORD02253,2025-03-09,CUST0775,Furniture,Desks,Desks Product 6,West,4,81.91,0.0,327.64,61.02
ORD02254,2025-11-17,CUST0490,Electronics,Headphones,Headphones Product 1,North,2,57.81,0.0,115.62,25.97
ORD02255,2025-07-14,CUST0284,Office Supplies,Storage,Storage Product 6,West,5,250.38,0.2,1001.52,128.59
ORD02256,2025-02-01,CUST0597,Electronics,Headphones,Headphones Product 7,East,1,28.88,0.1,25.99,2.85
ORD02257,2025-10-15,CUST0240,Accessories,Cables,Cables Product 5,East,3,24.44,0.05,69.65,15.47
ORD02258,2025-11-16,CUST0716,Accessories,Keyboards,Keyboards Product 5,North,5,88.85,0.05,422.04,109.29
ORD02259,2025-05-14,CUST0048,Electronics,Laptops,Laptops Product 3,West,4,58.04,0.2,185.73,35.38
ORD02260,2025-02-19,CUST0448,Accessories,Cables,Cables Product 3,North,1,94.55,0.0,94.55,17.69
ORD02261,2025-10-21,CUST0565,Office Supplies,Paper,Paper Product 3,West,5,65.71,0.0,328.55,47.28
ORD02262,2025-04-02,CUST0613,Office Supplies,Binders,Binders Product 3,North,3,32.2,0.15,82.11,4.9
ORD02263,2025-01-03,CUST0587,Furniture,Desks,Desks Product 7,East,5,38.77,0.1,174.47,29.74
ORD02264,2025-06-04,CUST0446,Electronics,Laptops,Laptops Product 1,West,3,102.26,0.15,260.76,37.07
ORD02265,2025-11-21,CUST0632,Electronics,Headphones,Headphones Product 4,South,3,122.72,0.05,349.75,69.06
ORD02266,2025-08-23,CUST0227,Electronics,Laptops,Laptops Product 2,North,5,15.66,0.0,78.3,16.86
ORD02267,2025-09-25,CUST0278,Office Supplies,Binders,Binders Product 1,West,2,55.83,0.0,111.66,21.82
ORD02268,2025-05-31,CUST0361,Accessories,Cables,Cables Product 5,West,2,195.73,0.0,391.46,38.93
ORD02269,2025-07-10,CUST0456,Electronics,Headphones,Headphones Product 4,South,2,21.06,0.0,42.12,8.29
ORD02270,2025-05-18,CUST0353,Accessories,Bags,Bags Product 1,West,3,67.46,0.15,172.02,10.69
ORD02271,2025-07-26,CUST0473,Accessories,Cables,Cables Product 4,North,4,108.66,0.0,434.64,112.54
ORD02272,2025-06-06,CUST0332,Office Supplies,Paper,Paper Product 8,South,2,41.04,0.0,82.08,7.64
ORD02273,2025-01-14,CUST0746,Furniture,Tables,Tables Product 2,South,4,42.34,0.0,169.36,28.47
ORD02274,2025-06-07,CUST0683,Electronics,Headphones,Headphones Product 5,East,3,169.82,0.1,458.51,50.54
ORD02275,2025-03-19,CUST0249,Accessories,Cables,Cables Product 6,North,1,26.54,0.05,25.21,2.9
ORD02276,2025-09-10,CUST0003,Furniture,Desks,Desks Product 5,East,1,46.94,0.0,46.94,7.88
ORD02277,2025-07-21,CUST0170,Electronics,Laptops,Laptops Product 4,North,4,37.64,0.15,127.98,20.19
ORD02278,2025-04-08,CUST0009,Office Supplies,Paper,Paper Product 3,West,5,244.92,0.0,1224.6,285.6
ORD02279,2025-02-08,CUST0218,Office Supplies,Paper,Paper Product 7,South,1,81.08,0.1,72.97,12.21
ORD02280,2025-05-22,CUST0676,Accessories,Cables,Cables Product 8,South,3,273.45,0.0,820.35,93.77
ORD02281,2025-01-23,CUST0487,Furniture,Desks,Desks Product 7,West,2,32.18,0.0,64.36,12.9
ORD02282,2025-09-18,CUST0522,Furniture,Chairs,Chairs Product 3,North,1,24.13,0.0,24.13,5.04
ORD02283,2025-08-23,CUST0291,Electronics,Phones,Phones Product 4,East,5,64.4,0.05,305.9,58.19
ORD02284,2025-08-21,CUST0374,Electronics,Headphones,Headphones Product 7,South,2,49.4,0.0,98.8,24.06
ORD02285,2025-05-20,CUST0328,Accessories,Keyboards,Keyboards Product 4,West,1,129.98,0.0,129.98,27.87
ORD02286,2025-08-28,CUST0664,Accessories,Cables,Cables Product 4,North,3,77.98,0.0,233.94,28.05
ORD02287,2025-01-10,CUST0042,Office Supplies,Storage,Storage Product 2,North,3,54.31,0.0,162.93,38.44
ORD02288,2025-02-03,CUST0353,Office Supplies,Paper,Paper Product 3,North,5,76.79,0.0,383.95,91.89
ORD02289,2025-10-24,CUST0086,Furniture,Tables,Tables Product 4,North,2,103.94,0.1,187.09,36.69
ORD02290,2025-06-24,CUST0701,Furniture,Desks,Desks Product 6,South,4,21.24,0.0,84.96,12.25
ORD02291,2025-02-18,CUST0059,Electronics,Laptops,Laptops Product 6,West,3,98.97,0.2,237.53,32.63
ORD02292,2025-07-01,CUST0569,Accessories,Bags,Bags Product 5,South,2,50.33,0.2,80.53,14.36
ORD02293,2025-02-02,CUST0356,Accessories,Keyboards,Keyboards Product 5,South,5,145.19,0.05,689.65,169.72
ORD02294,2025-09-21,CUST0660,Electronics,Phones,Phones Product 6,West,4,95.99,0.1,345.56,78.54
ORD02295,2025-06-23,CUST0408,Electronics,Phones,Phones Product 2,East,5,188.58,0.15,801.47,57.6
ORD02296,2025-03-26,CUST0278,Furniture,Chairs,Chairs Product 7,North,4,32.21,0.0,128.84,32.39
ORD02297,2025-10-22,CUST0221,Electronics,Laptops,Laptops Product 8,East,4,190.97,0.0,763.88,108.87
ORD02298,2025-03-18,CUST0629,Furniture,Chairs,Chairs Product 8,South,3,70.73,0.0,212.19,51.55
ORD02299,2025-05-19,CUST0748,Accessories,Keyboards,Keyboards Product 7,North,4,200.1,0.0,800.4,119.62
ORD02300,2025-05-21,CUST0204,Accessories,Keyboards,Keyboards Product 6,South,4,45.41,0.15,154.39,28.41
ORD02301,2025-08-03,CUST0797,Electronics,Phones,Phones Product 2,West,2,66.8,0.05,126.92,13.09
ORD02302,2025-12-01,CUST0640,Accessories,Bags,Bags Product 7,South,1,20.26,0.0,20.26,3.21
ORD02303,2025-02-06,CUST0346,Furniture,Desks,Desks Product 1,East,1,70.87,0.05,67.33,16.54
ORD02304,2025-12-10,CUST0414,Furniture,Chairs,Chairs Product 5,East,4,128.66,0.15,437.44,92.65
ORD02305,2025-11-14,CUST0732,Electronics,Headphones,Headphones Product 1,South,4,35.97,0.15,122.3,26.71
ORD02306,2025-03-16,CUST0516,Furniture,Tables,Tables Product 7,West,5,86.27,0.0,431.35,77.91
ORD02307,2025-01-18,CUST0742,Accessories,Keyboards,Keyboards Product 2,West,3,33.13,0.0,99.39,25.61
ORD02308,2025-10-08,CUST0501,Office Supplies,Paper,Paper Product 6,North,3,60.45,0.05,172.28,36.29
ORD02309,2025-07-19,CUST0276,Accessories,Cables,Cables Product 7,West,3,86.73,0.1,234.17,27.77
ORD02310,2025-02-19,CUST0510,Electronics,Phones,Phones Product 7,North,4,46.01,0.05,174.84,23.01
ORD02311,2025-07-29,CUST0529,Office Supplies,Storage,Storage Product 7,North,3,288.1,0.1,777.87,137.28
ORD02312,2025-09-08,CUST0342,Electronics,Laptops,Laptops Product 1,East,4,52.05,0.1,187.38,11.22
ORD02313,2025-03-28,CUST0632,Furniture,Tables,Tables Product 3,West,5,86.36,0.15,367.03,30.78
ORD02314,2025-09-21,CUST0739,Accessories,Cables,Cables Product 6,South,5,40.02,0.05,190.09,15.32
ORD02315,2025-04-10,CUST0458,Furniture,Tables,Tables Product 4,East,2,128.56,0.0,257.12,61.66
ORD02316,2025-05-24,CUST0629,Office Supplies,Binders,Binders Product 6,North,5,75.42,0.0,377.1,61.9
ORD02317,2025-07-02,CUST0556,Furniture,Desks,Desks Product 2,North,4,42.95,0.05,163.21,12.85
ORD02318,2025-03-23,CUST0360,Accessories,Cables,Cables Product 4,South,3,123.35,0.2,296.04,11.62
ORD02319,2025-12-14,CUST0450,Electronics,Laptops,Laptops Product 1,South,1,39.01,0.0,39.01,10.51
ORD02320,2025-01-22,CUST0256,Accessories,Bags,Bags Product 8,South,5,170.43,0.05,809.54,183.9
ORD02321,2025-02-23,CUST0379,Electronics,Phones,Phones Product 2,North,1,40.13,0.0,40.13,7.28
ORD02322,2025-09-29,CUST0537,Electronics,Laptops,Laptops Product 6,South,4,23.49,0.1,84.56,11.43
ORD02323,2025-01-21,CUST0088,Furniture,Desks,Desks Product 5,North,5,68.16,0.0,340.8,30.16
ORD02324,2025-05-13,CUST0782,Electronics,Laptops,Laptops Product 5,South,3,94.41,0.15,240.75,39.14
ORD02325,2025-10-27,CUST0231,Furniture,Chairs,Chairs Product 3,West,5,25.63,0.0,128.15,12.05
ORD02326,2025-02-12,CUST0076,Furniture,Desks,Desks Product 4,North,2,42.71,0.1,76.88,18.65
ORD02327,2025-02-05,CUST0212,Furniture,Tables,Tables Product 2,West,2,169.59,0.1,305.26,64.44
ORD02328,2025-05-17,CUST0601,Office Supplies,Paper,Paper Product 2,North,4,33.15,0.0,132.6,30.5
ORD02329,2025-09-04,CUST0238,Accessories,Cables,Cables Product 7,East,1,62.97,0.05,59.82,9.25
ORD02330,2025-12-31,CUST0401,Electronics,Phones,Phones Product 4,East,3,101.82,0.1,274.91,52.53
ORD02331,2025-04-25,CUST0588,Furniture,Chairs,Chairs Product 8,North,4,74.42,0.1,267.91,49.83
ORD02332,2025-04-02,CUST0498,Furniture,Tables,Tables Product 3,East,3,41.96,0.15,107.0,19.0
ORD02333,2025-08-09,CUST0382,Electronics,Laptops,Laptops Product 8,North,4,103.43,0.0,413.72,112.43
ORD02334,2025-03-28,CUST0603,Accessories,Bags,Bags Product 7,North,5,44.03,0.05,209.14,19.14
ORD02335,2025-03-29,CUST0159,Accessories,Keyboards,Keyboards Product 2,South,5,102.81,0.0,514.05,114.26
ORD02336,2025-07-26,CUST0209,Electronics,Headphones,Headphones Product 4,North,1,32.78,0.2,26.22,3.34
ORD02337,2025-05-14,CUST0782,Furniture,Chairs,Chairs Product 3,South,3,154.75,0.0,464.25,46.7
ORD02338,2025-04-11,CUST0148,Accessories,Bags,Bags Product 2,West,1,28.56,0.1,25.7,5.95
ORD02339,2025-12-23,CUST0234,Office Supplies,Storage,Storage Product 7,South,3,37.5,0.0,112.5,30.31
ORD02340,2025-06-18,CUST0324,Electronics,Headphones,Headphones Product 8,East,1,74.84,0.0,74.84,17.62
ORD02341,2025-09-22,CUST0417,Accessories,Bags,Bags Product 1,West,3,51.76,0.15,131.99,10.58
ORD02342,2025-08-04,CUST0647,Electronics,Phones,Phones Product 6,North,1,49.15,0.0,49.15,5.91
ORD02343,2025-09-03,CUST0083,Electronics,Laptops,Laptops Product 3,South,4,54.3,0.15,184.62,31.41
ORD02344,2025-10-14,CUST0434,Office Supplies,Storage,Storage Product 4,East,5,11.01,0.1,49.55,6.85
ORD02345,2025-06-16,CUST0372,Furniture,Chairs,Chairs Product 3,South,4,27.46,0.1,98.86,17.45
ORD02346,2025-04-24,CUST0462,Electronics,Headphones,Headphones Product 8,South,5,31.72,0.0,158.6,15.89
ORD02347,2025-09-07,CUST0762,Furniture,Desks,Desks Product 1,North,3,58.43,0.05,166.53,18.96
ORD02348,2025-01-27,CUST0783,Office Supplies,Binders,Binders Product 7,East,2,55.54,0.05,105.53,11.54
ORD02349,2025-07-08,CUST0214,Office Supplies,Paper,Paper Product 4,East,5,20.67,0.05,98.18,14.98
ORD02350,2025-02-02,CUST0077,Furniture,Chairs,Chairs Product 7,South,1,36.29,0.15,30.85,5.85
ORD02351,2025-04-23,CUST0627,Accessories,Bags,Bags Product 4,West,3,48.71,0.0,146.13,36.26
ORD02352,2025-09-13,CUST0454,Office Supplies,Paper,Paper Product 7,South,5,119.02,0.15,505.83,103.25
ORD02353,2025-11-16,CUST0687,Office Supplies,Paper,Paper Product 6,South,1,27.36,0.2,21.89,2.09
ORD02354,2025-11-06,CUST0219,Furniture,Desks,Desks Product 1,South,5,80.32,0.0,401.6,101.8
ORD02355,2025-10-31,CUST0279,Electronics,Headphones,Headphones Product 2,East,1,24.22,0.05,23.01,2.58
ORD02356,2025-11-04,CUST0444,Office Supplies,Paper,Paper Product 3,North,1,166.86,0.0,166.86,41.85
ORD02357,2025-10-28,CUST0473,Furniture,Desks,Desks Product 3,North,1,56.33,0.2,45.06,3.76
ORD02358,2025-07-27,CUST0193,Furniture,Chairs,Chairs Product 6,North,1,29.79,0.05,28.3,6.97
ORD02359,2025-02-23,CUST0292,Electronics,Phones,Phones Product 6,South,2,131.4,0.1,236.52,50.67
ORD02360,2025-02-15,CUST0008,Electronics,Laptops,Laptops Product 8,East,1,105.42,0.15,89.61,9.73
ORD02361,2025-07-18,CUST0078,Furniture,Chairs,Chairs Product 8,South,3,68.42,0.05,195.0,28.51
ORD02362,2025-12-26,CUST0743,Office Supplies,Paper,Paper Product 6,West,1,68.5,0.15,58.23,10.2
ORD02363,2025-05-20,CUST0763,Office Supplies,Paper,Paper Product 5,West,1,33.37,0.05,31.7,8.19
ORD02364,2025-12-04,CUST0276,Furniture,Desks,Desks Product 4,East,5,119.54,0.0,597.7,156.18
ORD02365,2025-12-04,CUST0108,Office Supplies,Binders,Binders Product 8,South,2,66.25,0.0,132.5,28.09
ORD02366,2025-08-12,CUST0286,Electronics,Headphones,Headphones Product 8,South,2,22.2,0.1,39.96,4.96
ORD02367,2025-07-24,CUST0213,Furniture,Desks,Desks Product 1,East,1,77.7,0.0,77.7,18.94
ORD02368,2025-07-20,CUST0322,Accessories,Bags,Bags Product 6,East,1,58.4,0.0,58.4,7.28
ORD02369,2025-07-11,CUST0341,Office Supplies,Storage,Storage Product 1,East,1,45.2,0.0,45.2,10.85
ORD02370,2025-01-20,CUST0081,Furniture,Chairs,Chairs Product 5,West,1,35.44,0.05,33.67,3.12
ORD02371,2025-08-10,CUST0594,Furniture,Chairs,Chairs Product 1,North,1,136.24,0.15,115.8,21.31
ORD02372,2025-02-23,CUST0243,Accessories,Keyboards,Keyboards Product 4,South,3,115.52,0.1,311.9,61.94
ORD02373,2025-08-05,CUST0677,Office Supplies,Paper,Paper Product 2,West,5,26.93,0.05,127.92,34.12
ORD02374,2025-12-25,CUST0069,Accessories,Cables,Cables Product 7,East,5,92.22,0.0,461.1,67.0
ORD02375,2025-05-17,CUST0102,Accessories,Keyboards,Keyboards Product 5,South,5,40.38,0.0,201.9,39.2
ORD02376,2025-02-04,CUST0102,Electronics,Phones,Phones Product 3,East,4,104.7,0.1,376.92,52.82
ORD02377,2025-06-10,CUST0135,Office Supplies,Storage,Storage Product 8,North,2,76.39,0.05,145.14,18.09
ORD02378,2025-08-04,CUST0415,Accessories,Bags,Bags Product 6,North,1,108.05,0.1,97.25,7.42
ORD02379,2025-12-07,CUST0311,Electronics,Phones,Phones Product 5,West,5,142.77,0.05,678.16,76.64
ORD02380,2025-08-20,CUST0561,Accessories,Keyboards,Keyboards Product 7,East,2,93.72,0.0,187.44,43.03
ORD02381,2025-08-07,CUST0499,Office Supplies,Binders,Binders Product 7,South,3,56.48,0.1,152.5,25.93
ORD02382,2025-01-19,CUST0490,Electronics,Laptops,Laptops Product 4,West,1,130.94,0.0,130.94,34.12
ORD02383,2025-10-27,CUST0284,Office Supplies,Binders,Binders Product 1,East,4,146.31,0.05,555.98,77.93
ORD02384,2025-06-09,CUST0247,Furniture,Desks,Desks Product 5,West,5,69.97,0.1,314.87,49.34
ORD02385,2025-08-01,CUST0366,Electronics,Laptops,Laptops Product 6,North,1,147.06,0.0,147.06,18.06
ORD02386,2025-07-07,CUST0110,Electronics,Laptops,Laptops Product 6,West,5,60.35,0.0,301.75,41.45
ORD02387,2025-01-02,CUST0621,Electronics,Phones,Phones Product 1,West,4,41.34,0.05,157.09,30.81
ORD02388,2025-08-17,CUST0173,Electronics,Phones,Phones Product 7,East,2,20.79,0.1,37.42,4.14
ORD02389,2025-07-23,CUST0755,Accessories,Bags,Bags Product 2,South,3,71.43,0.0,214.29,39.44
ORD02390,2025-12-02,CUST0488,Office Supplies,Binders,Binders Product 3,West,1,47.99,0.05,45.59,3.37
ORD02391,2025-03-16,CUST0164,Accessories,Keyboards,Keyboards Product 4,South,4,137.14,0.0,548.56,141.61
ORD02392,2025-10-11,CUST0500,Furniture,Tables,Tables Product 7,East,4,87.03,0.05,330.71,52.1
ORD02393,2025-08-21,CUST0573,Furniture,Chairs,Chairs Product 7,East,3,70.89,0.0,212.67,54.52
ORD02394,2025-02-19,CUST0029,Accessories,Bags,Bags Product 4,South,4,133.38,0.05,506.84,73.43
ORD02395,2025-01-02,CUST0206,Furniture,Tables,Tables Product 7,South,3,82.4,0.0,247.2,44.54
ORD02396,2025-10-27,CUST0255,Office Supplies,Binders,Binders Product 8,North,1,28.18,0.1,25.36,5.73
ORD02397,2025-03-24,CUST0192,Furniture,Tables,Tables Product 8,North,3,78.78,0.1,212.71,44.59
ORD02398,2025-04-12,CUST0555,Office Supplies,Binders,Binders Product 5,West,5,49.58,0.0,247.9,59.46
ORD02399,2025-05-02,CUST0223,Furniture,Chairs,Chairs Product 5,North,5,53.26,0.0,266.3,55.03
ORD02400,2025-11-01,CUST0586,Electronics,Laptops,Laptops Product 3,East,1,32.28,0.0,32.28,7.4
ORD02401,2025-01-11,CUST0783,Electronics,Phones,Phones Product 8,West,3,86.26,0.0,258.78,35.23
ORD02402,2025-09-06,CUST0351,Furniture,Desks,Desks Product 1,West,2,38.79,0.0,77.58,8.7
ORD02403,2025-10-03,CUST0088,Office Supplies,Storage,Storage Product 1,South,4,72.0,0.0,288.0,58.72
ORD02404,2025-12-24,CUST0081,Accessories,Bags,Bags Product 4,East,5,47.68,0.15,202.64,34.16
ORD02405,2025-04-23,CUST0530,Electronics,Headphones,Headphones Product 4,East,3,61.02,0.2,146.45,16.52
ORD02406,2025-01-15,CUST0387,Office Supplies,Storage,Storage Product 5,East,4,36.08,0.0,144.32,35.43
ORD02407,2025-01-07,CUST0221,Electronics,Headphones,Headphones Product 2,West,3,23.85,0.1,64.4,15.74
ORD02408,2025-04-03,CUST0431,Furniture,Tables,Tables Product 1,North,4,28.63,0.2,91.62,10.38
ORD02409,2025-11-02,CUST0411,Office Supplies,Storage,Storage Product 1,North,5,36.15,0.0,180.75,49.28
ORD02410,2025-07-23,CUST0062,Furniture,Tables,Tables Product 6,North,3,51.21,0.1,138.27,24.46
ORD02411,2025-09-11,CUST0157,Furniture,Tables,Tables Product 7,North,1,46.79,0.0,46.79,4.22
ORD02412,2025-07-05,CUST0051,Furniture,Chairs,Chairs Product 3,East,3,98.12,0.0,294.36,39.82
ORD02413,2025-04-19,CUST0442,Accessories,Bags,Bags Product 4,West,2,117.47,0.0,234.94,42.79
ORD02414,2025-08-22,CUST0766,Furniture,Tables,Tables Product 5,North,1,131.95,0.05,125.35,26.51
ORD02415,2025-02-13,CUST0188,Accessories,Keyboards,Keyboards Product 8,North,5,117.02,0.15,497.33,28.25
ORD02416,2025-08-09,CUST0173,Office Supplies,Paper,Paper Product 2,South,2,52.49,0.05,99.73,16.6
ORD02417,2025-12-31,CUST0025,Office Supplies,Paper,Paper Product 6,South,2,120.75,0.05,229.42,51.5
ORD02418,2025-07-02,CUST0036,Accessories,Keyboards,Keyboards Product 1,East,5,41.55,0.0,207.75,45.16
ORD02419,2025-11-30,CUST0436,Electronics,Laptops,Laptops Product 8,West,2,156.15,0.05,296.69,45.48
ORD02420,2025-05-04,CUST0159,Office Supplies,Storage,Storage Product 8,East,5,37.33,0.0,186.65,16.97
ORD02421,2025-04-29,CUST0354,Electronics,Phones,Phones Product 4,South,4,159.8,0.0,639.2,150.43
ORD02422,2025-06-16,CUST0414,Furniture,Desks,Desks Product 2,East,1,96.24,0.1,86.62,10.29
ORD02423,2025-08-13,CUST0648,Office Supplies,Binders,Binders Product 1,East,3,24.15,0.15,61.58,11.47
ORD02424,2025-10-24,CUST0587,Accessories,Bags,Bags Product 2,North,2,31.69,0.1,57.04,3.45
ORD02425,2025-12-13,CUST0006,Electronics,Headphones,Headphones Product 4,South,4,106.79,0.05,405.8,76.26
ORD02426,2025-01-09,CUST0793,Electronics,Phones,Phones Product 4,West,5,153.0,0.0,765.0,90.47
ORD02427,2025-04-05,CUST0224,Office Supplies,Binders,Binders Product 8,West,5,26.77,0.05,127.16,33.2
ORD02428,2025-04-07,CUST0705,Accessories,Bags,Bags Product 1,South,1,20.79,0.2,16.63,1.74
ORD02429,2025-08-27,CUST0540,Accessories,Keyboards,Keyboards Product 4,North,5,156.78,0.05,744.7,57.67
ORD02430,2025-11-20,CUST0772,Accessories,Cables,Cables Product 6,East,2,16.37,0.0,32.74,6.97
ORD02431,2025-12-28,CUST0784,Furniture,Desks,Desks Product 4,West,5,50.14,0.15,213.09,10.42
ORD02432,2025-06-29,CUST0072,Furniture,Tables,Tables Product 6,West,5,119.9,0.1,539.55,130.2
ORD02433,2025-05-07,CUST0124,Accessories,Bags,Bags Product 7,North,5,56.96,0.0,284.8,61.66
ORD02434,2025-01-17,CUST0110,Accessories,Bags,Bags Product 5,South,1,130.96,0.0,130.96,23.33
ORD02435,2025-12-13,CUST0030,Accessories,Keyboards,Keyboards Product 2,North,1,36.78,0.0,36.78,7.12
ORD02436,2025-07-23,CUST0514,Furniture,Tables,Tables Product 3,West,3,156.96,0.1,423.79,45.99
ORD02437,2025-10-25,CUST0257,Electronics,Laptops,Laptops Product 1,South,2,17.68,0.0,35.36,9.19
ORD02438,2025-01-29,CUST0658,Office Supplies,Storage,Storage Product 8,East,1,101.91,0.1,91.72,20.87
ORD02439,2025-03-02,CUST0694,Furniture,Tables,Tables Product 8,North,3,56.05,0.05,159.74,13.27
ORD02440,2025-04-10,CUST0122,Furniture,Tables,Tables Product 6,South,1,43.7,0.05,41.52,8.89
ORD02441,2025-04-02,CUST0556,Accessories,Cables,Cables Product 1,West,1,26.03,0.0,26.03,3.17
ORD02442,2025-09-07,CUST0454,Furniture,Tables,Tables Product 5,North,2,63.26,0.05,120.19,12.39
ORD02443,2025-11-21,CUST0330,Electronics,Phones,Phones Product 1,North,1,102.5,0.1,92.25,10.27
ORD02444,2025-04-14,CUST0640,Accessories,Cables,Cables Product 4,East,3,21.01,0.2,50.42,5.03
ORD02445,2025-01-20,CUST0069,Accessories,Bags,Bags Product 6,West,2,38.14,0.0,76.28,16.71
ORD02446,2025-05-02,CUST0061,Furniture,Tables,Tables Product 7,West,3,59.19,0.05,168.69,40.99
ORD02447,2025-03-17,CUST0689,Office Supplies,Paper,Paper Product 2,West,5,80.34,0.0,401.7,53.2
ORD02448,2025-09-20,CUST0774,Office Supplies,Paper,Paper Product 3,North,3,103.79,0.05,295.8,32.3
ORD02449,2025-06-25,CUST0229,Furniture,Tables,Tables Product 6,East,4,140.6,0.2,449.92,44.21
ORD02450,2025-10-01,CUST0082,Furniture,Desks,Desks Product 8,West,4,238.44,0.0,953.76,92.25
ORD02451,2025-03-31,CUST0342,Accessories,Keyboards,Keyboards Product 4,East,3,82.14,0.1,221.78,27.83
ORD02452,2025-11-13,CUST0552,Office Supplies,Paper,Paper Product 6,East,2,70.47,0.0,140.94,11.36
ORD02453,2025-03-08,CUST0536,Furniture,Desks,Desks Product 8,East,4,160.18,0.2,512.58,81.46
ORD02454,2025-02-22,CUST0734,Accessories,Bags,Bags Product 4,West,5,223.45,0.1,1005.52,155.26
ORD02455,2025-04-21,CUST0237,Accessories,Bags,Bags Product 3,East,4,56.84,0.15,193.26,17.23
ORD02456,2025-01-12,CUST0217,Office Supplies,Paper,Paper Product 2,West,1,34.2,0.05,32.49,3.43
ORD02457,2025-06-19,CUST0225,Accessories,Cables,Cables Product 6,South,5,28.21,0.15,119.89,23.62
ORD02458,2025-04-24,CUST0716,Furniture,Tables,Tables Product 4,East,5,175.31,0.05,832.72,216.18
ORD02459,2025-06-04,CUST0361,Office Supplies,Storage,Storage Product 3,East,5,58.93,0.0,294.65,58.66
ORD02460,2025-06-27,CUST0023,Furniture,Chairs,Chairs Product 5,North,5,79.08,0.15,336.09,33.2
ORD02461,2025-06-15,CUST0079,Accessories,Cables,Cables Product 1,West,2,212.73,0.1,382.91,58.23
ORD02462,2025-05-10,CUST0557,Furniture,Chairs,Chairs Product 1,West,1,129.08,0.0,129.08,28.41
ORD02463,2025-07-15,CUST0021,Furniture,Desks,Desks Product 3,East,5,49.61,0.0,248.05,51.95
ORD02464,2025-08-03,CUST0245,Furniture,Desks,Desks Product 1,South,5,48.37,0.0,241.85,65.27
ORD02465,2025-05-28,CUST0057,Office Supplies,Paper,Paper Product 3,North,3,131.13,0.1,354.05,53.02
ORD02466,2025-08-02,CUST0695,Furniture,Tables,Tables Product 6,West,4,62.35,0.0,249.4,54.68
ORD02467,2025-07-13,CUST0637,Office Supplies,Storage,Storage Product 4,North,1,84.73,0.2,67.78,2.35
ORD02468,2025-09-02,CUST0761,Electronics,Laptops,Laptops Product 4,North,5,45.82,0.15,194.73,19.8
ORD02469,2025-08-14,CUST0576,Accessories,Bags,Bags Product 4,East,1,106.71,0.15,90.7,9.31
ORD02470,2025-08-20,CUST0327,Furniture,Tables,Tables Product 8,East,1,41.86,0.0,41.86,5.02
ORD02471,2025-03-20,CUST0290,Electronics,Headphones,Headphones Product 3,West,4,86.79,0.2,277.73,38.93
ORD02472,2025-01-06,CUST0160,Electronics,Headphones,Headphones Product 5,North,5,162.73,0.0,813.65,79.94
ORD02473,2025-03-25,CUST0476,Office Supplies,Paper,Paper Product 4,North,4,135.66,0.0,542.64,96.18
ORD02474,2025-08-29,CUST0145,Accessories,Cables,Cables Product 1,North,2,54.65,0.15,92.91,21.78
ORD02475,2025-02-21,CUST0591,Furniture,Tables,Tables Product 7,East,5,36.92,0.0,184.6,37.15
ORD02476,2025-04-05,CUST0055,Furniture,Desks,Desks Product 2,West,5,77.62,0.0,388.1,62.66
ORD02477,2025-09-08,CUST0455,Accessories,Keyboards,Keyboards Product 8,North,1,115.22,0.0,115.22,30.73
ORD02478,2025-07-10,CUST0477,Office Supplies,Binders,Binders Product 6,West,3,39.12,0.0,117.36,12.63
ORD02479,2025-03-06,CUST0132,Accessories,Keyboards,Keyboards Product 7,East,3,35.9,0.0,107.7,29.92
ORD02480,2025-08-07,CUST0238,Furniture,Desks,Desks Product 4,North,3,117.23,0.0,351.69,41.18
ORD02481,2025-04-23,CUST0430,Office Supplies,Binders,Binders Product 8,South,4,200.7,0.05,762.66,132.67
ORD02482,2025-07-08,CUST0167,Furniture,Desks,Desks Product 4,North,4,60.4,0.1,217.44,33.81
ORD02483,2025-08-30,CUST0458,Office Supplies,Storage,Storage Product 5,West,4,67.72,0.05,257.34,50.27
ORD02484,2025-11-17,CUST0349,Electronics,Laptops,Laptops Product 2,West,3,69.5,0.15,177.22,22.9
ORD02485,2025-03-30,CUST0518,Furniture,Desks,Desks Product 2,East,3,83.95,0.0,251.85,63.13
ORD02486,2025-02-22,CUST0089,Furniture,Chairs,Chairs Product 8,West,5,246.77,0.15,1048.77,148.35
ORD02487,2025-11-18,CUST0604,Electronics,Phones,Phones Product 3,South,4,27.19,0.0,108.76,14.46
ORD02488,2025-10-05,CUST0561,Office Supplies,Storage,Storage Product 6,South,1,55.66,0.15,47.31,3.65
ORD02489,2025-03-06,CUST0414,Furniture,Chairs,Chairs Product 7,South,1,72.42,0.1,65.18,4.72
ORD02490,2025-07-27,CUST0760,Accessories,Bags,Bags Product 8,South,1,65.25,0.2,52.2,2.02
ORD02491,2025-03-05,CUST0168,Furniture,Tables,Tables Product 8,North,5,91.6,0.15,389.3,92.72
ORD02492,2025-12-15,CUST0749,Electronics,Phones,Phones Product 6,East,4,45.44,0.0,181.76,19.95
ORD02493,2025-12-26,CUST0585,Electronics,Laptops,Laptops Product 6,East,2,80.37,0.0,160.74,28.0
ORD02494,2025-07-09,CUST0272,Office Supplies,Storage,Storage Product 6,South,3,53.44,0.0,160.32,28.88
ORD02495,2025-08-25,CUST0656,Office Supplies,Paper,Paper Product 8,North,5,38.23,0.05,181.59,18.04
ORD02496,2025-01-28,CUST0331,Electronics,Headphones,Headphones Product 6,West,3,122.71,0.1,331.32,47.12
ORD02497,2025-07-09,CUST0677,Accessories,Keyboards,Keyboards Product 6,South,1,14.75,0.2,11.8,2.61
ORD02498,2025-08-28,CUST0562,Accessories,Cables,Cables Product 6,East,5,24.65,0.0,123.25,34.44
ORD02499,2025-05-03,CUST0768,Electronics,Phones,Phones Product 5,North,1,75.0,0.1,67.5,6.42
ORD02500,2025-02-06,CUST0077,Electronics,Laptops,Laptops Product 1,South,3,39.04,0.1,105.41,8.86
ORD02501,2025-12-07,CUST0685,Accessories,Cables,Cables Product 1,South,2,79.61,0.1,143.3,17.35
ORD02502,2025-02-17,CUST0256,Accessories,Bags,Bags Product 1,North,3,12.04,0.05,34.31,6.95
ORD02503,2025-01-15,CUST0141,Furniture,Tables,Tables Product 3,North,2,37.88,0.15,64.4,15.6
ORD02504,2025-07-14,CUST0324,Electronics,Headphones,Headphones Product 4,West,3,46.09,0.15,117.53,21.72
ORD02505,2025-07-10,CUST0285,Electronics,Phones,Phones Product 8,South,2,51.03,0.0,102.06,14.55
ORD02506,2025-06-08,CUST0325,Furniture,Desks,Desks Product 1,South,2,72.24,0.05,137.26,23.01
ORD02507,2025-08-23,CUST0106,Furniture,Tables,Tables Product 7,East,2,56.63,0.1,101.93,18.78
ORD02508,2025-04-06,CUST0264,Electronics,Phones,Phones Product 8,West,2,48.84,0.0,97.68,27.33
ORD02509,2025-06-17,CUST0099,Electronics,Laptops,Laptops Product 6,East,1,35.39,0.0,35.39,5.47
ORD02510,2025-01-09,CUST0058,Furniture,Desks,Desks Product 2,South,5,48.46,0.05,230.19,60.73
ORD02511,2025-08-01,CUST0757,Furniture,Tables,Tables Product 3,West,2,72.55,0.05,137.84,34.01
ORD02512,2025-01-04,CUST0311,Accessories,Bags,Bags Product 5,West,3,21.7,0.0,65.1,9.17
ORD02513,2025-02-26,CUST0398,Electronics,Phones,Phones Product 5,East,1,62.59,0.1,56.33,13.79
ORD02514,2025-06-01,CUST0789,Office Supplies,Binders,Binders Product 6,East,3,123.75,0.05,352.69,33.53
ORD02515,2025-06-25,CUST0287,Accessories,Cables,Cables Product 1,North,4,121.04,0.0,484.16,70.31
ORD02516,2025-09-16,CUST0723,Electronics,Laptops,Laptops Product 4,North,1,61.1,0.0,61.1,15.06
ORD02517,2025-06-18,CUST0621,Electronics,Headphones,Headphones Product 3,East,1,39.71,0.05,37.72,5.4
ORD02518,2025-12-19,CUST0361,Accessories,Bags,Bags Product 1,North,2,104.02,0.0,208.04,43.41
ORD02519,2025-04-13,CUST0758,Electronics,Laptops,Laptops Product 4,West,3,72.09,0.1,194.64,18.69
ORD02520,2025-10-06,CUST0270,Electronics,Headphones,Headphones Product 3,South,4,105.38,0.15,358.29,78.7
ORD02521,2025-02-23,CUST0158,Furniture,Desks,Desks Product 6,West,5,80.56,0.0,402.8,93.47
ORD02522,2025-08-07,CUST0172,Accessories,Keyboards,Keyboards Product 2,West,2,72.65,0.0,145.3,34.36
ORD02523,2025-10-13,CUST0272,Accessories,Cables,Cables Product 3,East,5,151.1,0.05,717.73,154.87
ORD02524,2025-05-17,CUST0757,Accessories,Bags,Bags Product 3,East,5,101.89,0.0,509.45,139.61
ORD02525,2025-07-03,CUST0401,Office Supplies,Storage,Storage Product 5,West,3,60.19,0.05,171.54,13.15
ORD02526,2025-02-20,CUST0788,Office Supplies,Binders,Binders Product 4,South,1,61.71,0.1,55.54,11.87
ORD02527,2025-03-04,CUST0741,Furniture,Desks,Desks Product 7,West,4,55.94,0.1,201.38,29.03
ORD02528,2025-08-07,CUST0133,Furniture,Desks,Desks Product 8,South,2,99.06,0.0,198.12,26.89
ORD02529,2025-02-14,CUST0069,Accessories,Keyboards,Keyboards Product 4,North,3,18.67,0.05,53.21,9.32
ORD02530,2025-09-04,CUST0386,Office Supplies,Binders,Binders Product 3,East,5,50.3,0.15,213.78,11.71
ORD02531,2025-02-02,CUST0552,Accessories,Bags,Bags Product 2,West,5,23.45,0.0,117.25,22.83
ORD02532,2025-08-24,CUST0705,Accessories,Cables,Cables Product 7,South,5,98.27,0.0,491.35,79.56
ORD02533,2025-12-26,CUST0129,Furniture,Chairs,Chairs Product 4,South,5,17.86,0.15,75.91,17.3
ORD02534,2025-04-25,CUST0498,Furniture,Desks,Desks Product 3,West,3,107.77,0.05,307.14,34.83
ORD02535,2025-11-04,CUST0628,Furniture,Desks,Desks Product 3,East,2,23.73,0.0,47.46,8.84
ORD02536,2025-05-04,CUST0781,Electronics,Laptops,Laptops Product 5,East,4,29.12,0.0,116.48,21.17
ORD02537,2025-07-07,CUST0478,Electronics,Laptops,Laptops Product 6,East,1,55.63,0.0,55.63,11.55
ORD02538,2025-12-11,CUST0067,Office Supplies,Binders,Binders Product 2,South,1,84.13,0.0,84.13,7.6
ORD02539,2025-10-12,CUST0325,Furniture,Chairs,Chairs Product 8,West,2,154.64,0.0,309.28,74.85
ORD02540,2025-10-21,CUST0707,Electronics,Laptops,Laptops Product 6,East,4,301.59,0.15,1025.41,147.22
ORD02541,2025-03-23,CUST0791,Furniture,Chairs,Chairs Product 2,South,5,63.8,0.0,319.0,46.54
ORD02542,2025-09-11,CUST0090,Accessories,Cables,Cables Product 7,East,4,31.8,0.0,127.2,13.44
ORD02543,2025-12-17,CUST0479,Electronics,Laptops,Laptops Product 3,North,1,45.23,0.0,45.23,11.36
ORD02544,2025-05-08,CUST0504,Furniture,Tables,Tables Product 6,West,1,45.59,0.0,45.59,11.15
ORD02545,2025-10-12,CUST0386,Furniture,Tables,Tables Product 6,South,1,79.73,0.05,75.74,15.55
ORD02546,2025-04-29,CUST0019,Electronics,Phones,Phones Product 6,North,4,49.65,0.05,188.67,16.94
ORD02547,2025-01-08,CUST0113,Electronics,Laptops,Laptops Product 8,East,2,63.47,0.05,120.59,17.79
ORD02548,2025-03-27,CUST0396,Accessories,Cables,Cables Product 1,East,1,77.06,0.05,73.21,10.24
ORD02549,2025-05-11,CUST0796,Electronics,Phones,Phones Product 8,West,2,27.98,0.0,55.96,13.83
ORD02550,2025-09-07,CUST0629,Furniture,Desks,Desks Product 1,South,4,115.6,0.05,439.28,37.36
ORD02551,2025-08-17,CUST0222,Office Supplies,Paper,Paper Product 2,East,5,29.6,0.0,148.0,40.96
ORD02552,2025-03-28,CUST0395,Office Supplies,Paper,Paper Product 6,East,4,131.4,0.1,473.04,87.35
ORD02553,2025-11-29,CUST0207,Electronics,Headphones,Headphones Product 8,North,1,117.21,0.0,117.21,21.49
ORD02554,2025-02-19,CUST0488,Accessories,Keyboards,Keyboards Product 5,South,2,55.22,0.0,110.44,14.83
ORD02555,2025-05-30,CUST0368,Office Supplies,Binders,Binders Product 5,West,1,38.52,0.2,30.82,2.59
ORD02556,2025-09-29,CUST0694,Office Supplies,Storage,Storage Product 7,South,1,97.43,0.05,92.56,9.02
ORD02557,2025-03-13,CUST0361,Office Supplies,Paper,Paper Product 1,West,3,46.13,0.2,110.71,11.7
ORD02558,2025-12-14,CUST0372,Electronics,Headphones,Headphones Product 4,East,4,17.11,0.05,65.02,8.77
ORD02559,2025-03-01,CUST0772,Office Supplies,Binders,Binders Product 1,East,2,31.1,0.05,59.09,10.44
ORD02560,2025-04-25,CUST0177,Electronics,Headphones,Headphones Product 2,East,3,53.37,0.1,144.1,18.67
ORD02561,2025-02-27,CUST0791,Accessories,Cables,Cables Product 2,South,2,83.2,0.05,158.08,39.6
ORD02562,2025-02-07,CUST0396,Accessories,Cables,Cables Product 4,South,5,175.92,,835.62,165.65
ORD02563,2025-09-13,CUST0608,Office Supplies,Storage,Storage Product 6,East,5,165.44,0.15,703.12,144.79
ORD02564,2025-12-11,CUST0083,Office Supplies,Binders,Binders Product 2,West,5,121.23,0.0,606.15,119.12
ORD02565,2025-07-22,CUST0614,Office Supplies,Binders,Binders Product 6,South,3,28.41,0.05,80.97,11.01
ORD02566,2025-11-26,CUST0681,Office Supplies,Paper,Paper Product 6,West,3,62.08,0.05,176.93,28.28
ORD02567,2025-04-27,CUST0071,Furniture,Desks,Desks Product 2,West,1,94.87,0.2,75.9,17.33
ORD02568,2025-05-24,CUST0786,Office Supplies,Storage,Storage Product 5,North,3,75.55,0.2,181.32,39.28
ORD02569,2025-11-23,CUST0611,Furniture,Tables,Tables Product 1,South,1,48.05,0.05,45.65,7.8
ORD02570,2025-06-26,CUST0449,Office Supplies,Paper,Paper Product 4,South,5,57.5,0.0,287.5,52.78
ORD02571,2025-09-29,CUST0030,Electronics,Laptops,Laptops Product 4,West,4,13.08,0.1,47.09,7.86
ORD02572,2025-03-03,CUST0344,Office Supplies,Storage,Storage Product 2,South,4,30.69,0.05,116.62,18.04
ORD02573,2025-06-10,CUST0715,Accessories,Cables,Cables Product 8,South,4,22.72,0.1,81.79,6.67
ORD02574,2025-01-23,CUST0748,Office Supplies,Binders,Binders Product 7,West,1,51.62,0.0,51.62,13.73
ORD02575,2025-12-02,CUST0699,Electronics,Phones,Phones Product 8,South,2,51.66,0.15,87.82,6.54
ORD02576,2025-07-30,CUST0570,Office Supplies,Binders,Binders Product 5,North,2,45.11,0.0,90.22,17.18
ORD02577,2025-08-26,CUST0320,Electronics,Headphones,Headphones Product 7,East,4,64.6,0.1,232.56,18.88
ORD02578,2025-05-30,CUST0698,Accessories,Cables,Cables Product 4,South,3,57.56,0.05,164.05,22.4
ORD02579,2025-04-20,CUST0536,Electronics,Phones,Phones Product 3,South,4,50.68,0.15,172.31,12.99
ORD02580,2025-03-06,CUST0043,Electronics,Headphones,Headphones Product 1,East,1,44.72,0.1,40.25,6.57
ORD02581,2025-05-24,CUST0621,Office Supplies,Storage,Storage Product 7,North,5,19.44,0.1,87.48,5.23
ORD02582,2025-12-20,CUST0380,Accessories,Cables,Cables Product 3,South,5,28.89,0.0,144.45,36.77
ORD02583,2025-01-22,CUST0170,Electronics,Phones,Phones Product 4,South,3,53.06,0.2,127.34,21.03
ORD02584,2025-12-08,CUST0246,Accessories,Cables,Cables Product 1,East,4,24.61,0.1,88.6,5.93
ORD02585,2025-01-14,CUST0712,Electronics,Laptops,Laptops Product 3,East,5,334.23,0.0,1671.15,311.82
ORD02586,2025-12-01,CUST0264,Office Supplies,Paper,Paper Product 3,South,5,19.64,0.15,83.47,6.15
ORD02587,2025-01-28,CUST0110,Office Supplies,Paper,Paper Product 8,West,3,66.45,0.15,169.45,40.98
ORD02588,2025-12-22,CUST0215,Furniture,Chairs,Chairs Product 3,North,1,64.72,0.05,61.48,14.73
ORD02589,2025-11-23,CUST0440,Electronics,Phones,Phones Product 3,South,5,166.73,0.1,750.28,110.67
ORD02590,2025-11-08,CUST0112,Furniture,Chairs,Chairs Product 5,North,4,58.21,0.05,221.2,26.77
ORD02591,2025-03-02,CUST0424,Furniture,Chairs,Chairs Product 6,West,1,42.77,0.15,36.35,6.9
ORD02592,2025-10-14,CUST0716,Accessories,Cables,Cables Product 7,North,5,50.77,0.0,253.85,28.09
ORD02593,2025-07-13,CUST0208,Furniture,Tables,Tables Product 5,West,1,101.56,0.05,96.48,21.69
ORD02594,2025-05-06,CUST0782,Accessories,Cables,Cables Product 5,West,1,24.8,0.05,23.56,2.64
ORD02595,2025-11-29,CUST0247,Furniture,Desks,Desks Product 7,South,4,61.58,0.0,246.32,28.72
ORD02596,2025-01-21,CUST0132,Accessories,Keyboards,Keyboards Product 6,South,5,76.47,0.1,344.12,28.72
ORD02597,2025-03-05,CUST0358,Furniture,Desks,Desks Product 8,East,1,45.88,0.1,41.29,4.85
ORD02598,2025-03-09,CUST0430,Office Supplies,Paper,Paper Product 8,West,4,70.21,0.0,280.84,23.18
ORD02599,2025-11-22,CUST0793,Furniture,Desks,Desks Product 1,South,2,43.95,0.2,70.32,4.21
ORD02600,2025-03-30,CUST0124,Office Supplies,Paper,Paper Product 6,North,5,39.06,0.15,166.0,13.86
ORD02601,2025-06-27,CUST0295,Furniture,Tables,Tables Product 6,South,3,36.74,0.05,104.71,18.95
ORD02602,2025-11-30,CUST0016,Furniture,Desks,Desks Product 2,West,2,37.98,0.1,68.36,7.46
ORD02603,2025-03-15,CUST0136,Accessories,Keyboards,Keyboards Product 2,North,4,91.68,0.05,348.38,32.29
ORD02604,2025-01-11,CUST0511,Accessories,Keyboards,Keyboards Product 4,South,3,32.66,0.15,83.28,11.38
ORD02605,2025-03-02,CUST0406,Furniture,Chairs,Chairs Product 1,West,5,108.3,0.1,487.35,107.81
ORD02606,2025-09-27,CUST0029,Accessories,Keyboards,Keyboards Product 4,North,3,76.63,0.0,229.89,46.94
ORD02607,2025-02-15,CUST0106,Furniture,Desks,Desks Product 5,East,4,55.34,0.15,188.16,17.99
ORD02608,2025-05-24,CUST0280,Accessories,Keyboards,Keyboards Product 4,West,4,110.45,0.05,419.71,73.81
ORD02609,2025-02-23,CUST0799,Electronics,Headphones,Headphones Product 7,East,1,71.48,0.1,64.33,9.38
ORD02610,2025-11-19,CUST0691,Electronics,Phones,Phones Product 1,South,1,50.61,0.2,40.49,1.98
ORD02611,2025-07-06,CUST0499,Accessories,Bags,Bags Product 4,North,1,79.22,0.1,71.3,8.03
ORD02612,2025-10-04,CUST0786,Electronics,Phones,Phones Product 7,North,5,32.44,0.05,154.09,24.23
ORD02613,2025-07-27,CUST0226,Electronics,Headphones,Headphones Product 3,East,5,58.95,0.0,294.75,41.04
ORD02614,2025-05-31,CUST0223,Electronics,Phones,Phones Product 5,South,1,26.54,0.0,26.54,2.23
ORD02615,2025-01-26,CUST0001,Office Supplies,Binders,Binders Product 7,South,5,77.61,0.15,329.84,28.08
ORD02616,2025-12-02,CUST0391,Furniture,Tables,Tables Product 2,South,3,33.64,0.15,85.78,10.08
ORD02617,2025-09-06,CUST0783,Accessories,Cables,Cables Product 1,North,3,106.34,0.15,271.17,50.51
ORD02618,2025-08-05,CUST0774,Accessories,Bags,Bags Product 2,South,4,169.58,0.05,644.4,154.35
ORD02619,2025-11-10,CUST0588,Electronics,Phones,Phones Product 7,East,1,256.51,0.0,256.51,46.36
ORD02620,2025-08-20,CUST0053,Electronics,Headphones,Headphones Product 5,West,3,126.36,0.05,360.13,77.09
ORD02621,2025-10-28,CUST0481,Accessories,Bags,Bags Product 7,East,3,76.66,0.0,229.98,62.73
ORD02622,2025-03-02,CUST0758,Furniture,Tables,Tables Product 7,South,2,171.63,0.2,274.61,24.17
ORD02623,2025-05-20,CUST0688,Accessories,Keyboards,Keyboards Product 8,West,3,79.8,0.2,191.52,12.02
ORD02624,2025-11-18,CUST0474,Electronics,Headphones,Headphones Product 8,North,2,33.27,0.1,59.89,5.56
ORD02625,2025-01-19,CUST0675,Accessories,Keyboards,Keyboards Product 8,North,5,78.02,0.0,390.1,85.43
ORD02626,2025-08-31,CUST0065,Accessories,Bags,Bags Product 5,East,2,134.78,0.0,269.56,68.66
ORD02627,2025-12-30,CUST0366,Furniture,Tables,Tables Product 8,North,3,62.86,0.05,179.15,44.98
ORD02628,2025-10-07,CUST0574,Office Supplies,Storage,Storage Product 8,East,4,56.6,0.05,215.08,16.98
ORD02629,2025-03-25,CUST0399,Office Supplies,Paper,Paper Product 6,East,4,95.52,0.0,382.08,83.36
ORD02630,2025-06-24,CUST0595,Furniture,Chairs,Chairs Product 8,West,2,21.05,0.0,42.1,8.48
ORD02631,2025-09-23,CUST0466,Accessories,Bags,Bags Product 5,North,4,91.03,0.15,309.5,17.84
ORD02632,2025-05-09,CUST0515,Office Supplies,Storage,Storage Product 2,East,2,75.93,0.0,151.86,16.29
ORD02633,2025-04-22,CUST0409,Accessories,Bags,Bags Product 2,West,5,43.52,0.15,184.96,28.93
ORD02634,2025-07-19,CUST0123,Furniture,Chairs,Chairs Product 3,North,5,56.17,0.0,280.85,59.21
ORD02635,2025-11-23,CUST0319,Office Supplies,Storage,Storage Product 7,East,2,92.24,0.15,156.81,29.51
ORD02636,2025-09-05,CUST0255,Accessories,Cables,Cables Product 1,West,3,107.41,0.0,322.23,58.32
ORD02637,2025-06-08,CUST0349,Accessories,Bags,Bags Product 3,North,2,52.23,0.0,104.46,13.38
ORD02638,2025-05-16,CUST0635,Office Supplies,Storage,Storage Product 4,North,2,81.92,0.05,155.65,39.79
ORD02639,2025-11-05,CUST0559,Furniture,Desks,Desks Product 6,North,2,134.89,0.05,256.29,20.88
ORD02640,2025-06-03,CUST0090,Office Supplies,Binders,Binders Product 1,East,2,57.02,0.0,114.04,22.94
ORD02641,2025-04-27,CUST0035,Accessories,Keyboards,Keyboards Product 7,East,4,88.94,0.0,355.76,53.93
ORD02642,2025-10-22,CUST0373,Office Supplies,Paper,Paper Product 1,South,5,22.77,0.0,113.85,24.93
ORD02643,2025-05-06,CUST0206,Furniture,Chairs,Chairs Product 1,North,5,107.22,0.1,482.49,57.27
ORD02644,2025-01-27,CUST0623,Office Supplies,Binders,Binders Product 3,East,4,93.25,0.0,373.0,50.9
ORD02645,2025-06-21,CUST0372,Electronics,Laptops,Laptops Product 5,East,1,149.07,0.1,134.16,10.73
ORD02646,2025-06-02,CUST0745,Accessories,Cables,Cables Product 1,West,2,16.21,0.0,32.42,2.97
ORD02647,2025-11-25,CUST0162,Accessories,Bags,Bags Product 3,North,1,112.85,0.05,107.21,21.78
ORD02648,2025-09-20,CUST0009,Office Supplies,Storage,Storage Product 2,West,4,42.49,0.2,135.97,9.62
ORD02649,2025-05-26,CUST0661,Electronics,Phones,Phones Product 4,North,2,72.95,0.0,145.9,19.39
ORD02650,2025-06-03,CUST0767,Office Supplies,Binders,Binders Product 4,West,3,64.12,0.15,163.51,17.32
ORD02651,2025-09-15,CUST0003,Office Supplies,Storage,Storage Product 5,South,1,94.96,0.0,94.96,24.85
ORD02652,2025-12-19,CUST0016,Accessories,Bags,Bags Product 2,East,4,125.98,0.0,503.92,137.85
ORD02653,2025-02-08,CUST0791,Accessories,Keyboards,Keyboards Product 5,West,4,46.11,0.05,175.22,41.4
ORD02654,2025-05-07,CUST0672,Electronics,Laptops,Laptops Product 5,North,1,60.87,0.0,60.87,7.54
ORD02655,2025-12-03,CUST0282,Furniture,Desks,Desks Product 5,South,1,59.53,0.1,53.58,4.54
ORD02656,2025-02-13,CUST0525,Furniture,Desks,Desks Product 4,South,2,72.02,0.0,144.04,19.49
ORD02657,2025-01-01,CUST0182,Furniture,Chairs,Chairs Product 2,West,5,74.55,0.05,354.11,61.76
ORD02658,2025-11-30,CUST0703,Office Supplies,Binders,Binders Product 5,West,5,167.3,0.05,794.67,152.6
ORD02659,2025-03-16,CUST0443,Electronics,Laptops,Laptops Product 8,North,3,38.18,0.1,103.09,6.61
ORD02660,2025-12-15,CUST0599,Electronics,Headphones,Headphones Product 7,South,4,50.58,0.05,192.2,29.96
ORD02661,2025-09-24,CUST0012,Accessories,Cables,Cables Product 4,West,4,86.45,0.15,293.93,55.8
ORD02662,2025-01-12,CUST0038,Accessories,Bags,Bags Product 2,East,3,39.72,0.15,101.29,7.35
ORD02663,2025-08-08,CUST0512,Furniture,Desks,Desks Product 5,West,1,139.86,0.05,132.87,18.21
ORD02664,2025-11-15,CUST0641,Electronics,Laptops,Laptops Product 4,North,3,70.48,0.0,211.44,52.66
ORD02665,2025-10-06,CUST0051,Electronics,Headphones,Headphones Product 5,North,2,194.14,0.0,388.28,53.44
ORD02666,2025-01-25,CUST0764,Electronics,Phones,Phones Product 5,North,2,23.66,0.1,42.59,8.61
ORD02667,2025-08-29,CUST0331,Office Supplies,Paper,Paper Product 1,East,3,79.41,0.0,238.23,56.28
ORD02668,2025-05-29,CUST0711,Office Supplies,Paper,Paper Product 1,West,3,64.83,0.0,194.49,16.48
ORD02669,2025-01-08,CUST0583,Electronics,Phones,Phones Product 2,West,1,172.19,0.0,172.19,20.06
ORD02670,2025-05-10,CUST0342,Electronics,Phones,Phones Product 4,North,2,96.28,0.15,163.68,23.17
ORD02671,2025-01-21,CUST0659,Furniture,Desks,Desks Product 7,East,5,211.19,0.1,950.36,185.76
ORD02672,2025-09-16,CUST0263,Furniture,Tables,Tables Product 1,North,2,91.08,0.05,173.05,23.75
ORD02673,2025-01-23,CUST0401,Accessories,Keyboards,Keyboards Product 5,West,4,54.26,0.2,173.63,30.74
ORD02674,2025-06-03,CUST0185,Office Supplies,Binders,Binders Product 7,East,1,73.17,0.0,73.17,19.85
ORD02675,2025-02-22,CUST0768,Accessories,Cables,Cables Product 8,South,3,215.36,0.15,549.17,46.69
ORD02676,2025-10-18,CUST0595,Furniture,Chairs,Chairs Product 1,East,4,307.22,0.05,1167.44,231.82
ORD02677,2025-08-10,CUST0165,Accessories,Cables,Cables Product 5,East,3,88.85,0.0,266.55,29.84
ORD02678,2025-09-03,CUST0599,Accessories,Bags,Bags Product 4,East,1,70.42,0.0,70.42,13.55
ORD02679,2025-10-12,CUST0219,Accessories,Keyboards,Keyboards Product 8,South,2,73.71,0.05,140.05,16.79
ORD02680,2025-01-18,CUST0088,Accessories,Bags,Bags Product 8,East,1,124.35,0.05,118.13,30.72
ORD02681,2025-08-24,CUST0588,Office Supplies,Binders,Binders Product 1,West,5,47.42,0.0,237.1,56.23
ORD02682,2025-09-15,CUST0214,Accessories,Cables,Cables Product 6,East,2,135.19,0.0,270.38,54.6
ORD02683,2025-05-17,CUST0633,Office Supplies,Paper,Paper Product 5,East,2,78.45,0.05,149.06,24.94
ORD02684,2025-04-07,CUST0337,Furniture,Desks,Desks Product 2,South,5,68.03,0.2,272.12,55.89
ORD02685,2025-10-03,CUST0122,Office Supplies,Storage,Storage Product 7,South,1,33.04,0.0,33.04,3.61
ORD02686,2025-02-02,CUST0143,Office Supplies,Storage,Storage Product 7,South,1,49.04,0.1,44.14,10.79
ORD02687,2025-08-17,CUST0423,Office Supplies,Binders,Binders Product 5,North,2,54.72,0.0,109.44,25.84
ORD02688,2025-06-22,CUST0090,Electronics,Phones,Phones Product 6,North,2,62.25,0.0,124.5,19.92
ORD02689,2025-11-20,CUST0548,Office Supplies,Storage,Storage Product 7,North,2,61.16,0.1,110.09,8.12
ORD02690,2025-01-22,CUST0399,Accessories,Cables,Cables Product 6,North,4,159.56,0.0,638.24,82.9
ORD02691,2025-06-21,CUST0610,Accessories,Keyboards,Keyboards Product 5,North,5,25.51,0.05,121.17,27.45
ORD02692,2025-02-05,CUST0155,Office Supplies,Storage,Storage Product 1,West,5,53.73,0.1,241.78,33.11
ORD02693,2025-05-03,CUST0664,Accessories,Cables,Cables Product 1,East,1,39.11,0.2,31.29,6.3
ORD02694,2025-07-31,CUST0446,Office Supplies,Paper,Paper Product 7,West,1,131.65,0.05,125.07,11.2
ORD02695,2025-01-19,CUST0790,Electronics,Phones,Phones Product 5,East,5,89.29,0.0,446.45,78.13
ORD02696,2025-01-21,CUST0673,Electronics,Laptops,Laptops Product 5,North,1,23.3,0.0,23.3,4.23
ORD02697,2025-05-31,CUST0303,Electronics,Headphones,Headphones Product 5,South,4,49.1,0.05,186.58,22.0
ORD02698,2025-01-22,CUST0164,Furniture,Chairs,Chairs Product 2,North,4,77.06,0.0,308.24,82.6
ORD02699,2025-10-25,CUST0511,Office Supplies,Paper,Paper Product 4,West,2,84.02,0.2,134.43,23.12
ORD02700,2025-07-10,CUST0144,Accessories,Bags,Bags Product 4,West,5,44.29,0.05,210.38,48.94
ORD02701,2025-08-31,CUST0044,Electronics,Headphones,Headphones Product 7,East,1,110.68,0.0,110.68,30.09
ORD02702,2025-08-30,CUST0147,Office Supplies,Paper,Paper Product 4,East,5,58.76,0.15,249.73,18.75
ORD02703,2025-06-07,CUST0446,Accessories,Bags,Bags Product 1,South,1,73.61,0.0,73.61,16.5
ORD02704,2025-01-16,CUST0214,Accessories,Bags,Bags Product 2,North,2,16.58,0.05,31.5,4.56
ORD02705,2025-03-15,CUST0624,Office Supplies,Binders,Binders Product 2,North,3,70.57,0.1,190.54,18.58
ORD02706,2025-06-09,CUST0385,Furniture,Desks,Desks Product 4,South,3,50.63,0.1,136.7,23.61
ORD02707,2025-09-17,CUST0612,Accessories,Bags,Bags Product 6,North,5,23.75,0.15,100.94,16.12
ORD02708,2025-08-25,CUST0484,Office Supplies,Paper,Paper Product 1,South,5,50.92,0.05,241.87,59.52
ORD02709,2025-03-31,CUST0277,Furniture,Chairs,Chairs Product 1,North,3,35.7,0.0,107.1,8.69
ORD02710,2025-08-11,CUST0382,Accessories,Keyboards,Keyboards Product 1,West,3,151.35,0.15,385.94,72.12
ORD02711,2025-03-15,CUST0406,Accessories,Keyboards,Keyboards Product 5,North,2,49.96,0.15,84.93,10.47
ORD02712,2025-03-24,CUST0781,Electronics,Laptops,Laptops Product 7,East,5,36.68,0.2,146.72,18.35
ORD02713,2025-09-04,CUST0767,Furniture,Tables,Tables Product 3,East,2,267.25,0.05,507.77,56.95
ORD02714,2025-07-19,CUST0555,Office Supplies,Paper,Paper Product 3,North,1,77.31,0.0,77.31,10.39
ORD02715,2025-12-28,CUST0026,Electronics,Headphones,Headphones Product 7,South,4,201.55,0.05,765.89,63.8
ORD02716,2025-12-25,CUST0373,Electronics,Phones,Phones Product 2,East,5,11.67,0.0,58.35,12.64
ORD02717,2025-09-22,CUST0046,Furniture,Chairs,Chairs Product 6,East,1,83.26,0.15,70.77,9.43
ORD02718,2025-12-14,CUST0273,Accessories,Cables,Cables Product 4,West,4,75.43,0.05,286.63,45.84
ORD02719,2025-05-30,CUST0787,Electronics,Laptops,Laptops Product 2,North,3,46.65,0.0,139.95,36.01
ORD02720,2025-08-03,CUST0109,Electronics,Phones,Phones Product 4,South,4,61.92,0.2,198.14,22.71
ORD02721,2025-08-01,CUST0566,Electronics,Phones,Phones Product 4,East,4,50.13,0.05,190.49,47.45
ORD02722,2025-03-18,CUST0240,Office Supplies,Storage,Storage Product 2,North,2,93.44,0.0,186.88,36.62
ORD02723,2025-03-19,CUST0545,Furniture,Chairs,Chairs Product 4,East,3,63.57,0.0,190.71,52.42
ORD02724,2025-10-27,CUST0698,Electronics,Phones,Phones Product 4,North,2,45.64,0.15,77.59,5.16
ORD02725,2025-02-21,CUST0213,Office Supplies,Paper,Paper Product 3,West,3,40.57,0.05,115.62,29.53
ORD02726,2025-07-20,CUST0590,Electronics,Laptops,Laptops Product 4,North,4,90.12,0.15,306.41,39.14
ORD02727,2025-03-05,CUST0587,Furniture,Desks,Desks Product 7,East,1,87.36,0.0,87.36,20.66
ORD02728,2025-01-03,CUST0497,Accessories,Cables,Cables Product 3,North,3,99.83,0.15,254.57,40.32
ORD02729,2025-05-15,CUST0371,Accessories,Cables,Cables Product 7,North,4,80.04,0.0,320.16,51.59
ORD02730,2025-03-23,CUST0321,Office Supplies,Binders,Binders Product 5,East,5,11.96,0.05,56.81,9.52
ORD02731,2025-07-09,CUST0452,Electronics,Laptops,Laptops Product 1,East,2,57.05,0.1,102.69,22.7
ORD02732,2025-07-05,CUST0628,Furniture,Tables,Tables Product 4,East,3,211.28,0.0,633.84,102.18
ORD02733,2025-05-13,CUST0785,Accessories,Keyboards,Keyboards Product 5,West,4,89.04,0.0,356.16,34.99
ORD02734,2025-02-20,CUST0234,Furniture,Chairs,Chairs Product 2,East,4,155.25,0.0,621.0,142.72
ORD02735,2025-01-31,CUST0143,Electronics,Phones,Phones Product 1,North,3,20.21,0.15,51.54,10.61
ORD02736,2025-01-21,CUST0548,Office Supplies,Storage,Storage Product 5,West,5,196.29,0.0,981.45,116.7
ORD02737,2025-11-27,CUST0520,Electronics,Headphones,Headphones Product 1,North,4,93.95,0.1,338.22,25.47
ORD02738,2025-07-14,CUST0260,Electronics,Phones,Phones Product 8,East,5,45.01,0.05,213.8,32.95
ORD02739,2025-05-19,CUST0518,Furniture,Chairs,Chairs Product 7,North,4,29.15,0.15,99.11,18.11
ORD02740,2025-10-10,CUST0140,Furniture,Desks,Desks Product 4,West,1,47.72,0.2,38.18,2.78
ORD02741,2025-02-24,CUST0752,Accessories,Keyboards,Keyboards Product 4,South,1,48.19,0.05,45.78,7.6
ORD02742,2025-09-28,CUST0522,Accessories,Cables,Cables Product 4,West,1,72.25,0.0,72.25,14.86
ORD02743,2025-10-03,CUST0062,Office Supplies,Storage,Storage Product 4,North,2,187.51,0.0,375.02,104.47
ORD02744,2025-01-23,CUST0192,Furniture,Desks,Desks Product 1,West,3,50.97,0.05,145.26,19.96
ORD02745,2025-07-01,CUST0315,Accessories,Keyboards,Keyboards Product 8,North,4,30.56,0.05,116.13,16.84
ORD02746,2025-01-09,CUST0773,Office Supplies,Storage,Storage Product 4,North,4,52.72,0.05,200.34,16.86
ORD02747,2025-02-11,CUST0744,Accessories,Cables,Cables Product 5,North,2,48.13,0.0,96.26,22.48
ORD02748,2025-02-20,CUST0273,Electronics,Laptops,Laptops Product 1,East,1,289.6,0.1,260.64,57.52
ORD02749,2025-11-18,CUST0186,Electronics,Laptops,Laptops Product 4,East,4,43.18,0.1,155.45,11.31
ORD02750,2025-06-01,CUST0487,Accessories,Bags,Bags Product 2,East,2,47.07,0.2,75.31,13.91
ORD02751,2025-05-25,CUST0677,Furniture,Desks,Desks Product 8,South,2,43.5,0.05,82.65,18.08
ORD02752,2025-10-07,CUST0211,Office Supplies,Paper,Paper Product 4,West,2,86.71,0.15,147.41,24.6
ORD02753,2025-11-20,CUST0407,Accessories,Keyboards,Keyboards Product 1,East,4,108.89,0.2,348.45,71.42
ORD02754,2025-09-20,CUST0262,Accessories,Cables,Cables Product 3,North,3,49.99,0.1,134.97,24.9
ORD02755,2025-09-08,CUST0516,Accessories,Bags,Bags Product 6,North,4,276.77,0.0,1107.08,134.62
ORD02756,2025-04-14,CUST0687,Furniture,Desks,Desks Product 3,South,1,105.31,0.1,94.78,16.49
ORD02757,2025-10-19,CUST0505,Office Supplies,Paper,Paper Product 7,East,2,214.61,0.0,429.22,108.62
ORD02758,2025-03-29,CUST0690,Accessories,Bags,Bags Product 1,South,3,161.6,0.0,484.8,112.78
ORD02759,2025-01-25,CUST0328,Electronics,Laptops,Laptops Product 6,West,4,135.39,,460.33,56.35
ORD02760,2025-04-23,CUST0678,Office Supplies,Paper,Paper Product 1,West,5,25.64,0.0,128.2,27.63
ORD02761,2025-03-06,CUST0551,Office Supplies,Binders,Binders Product 8,South,1,141.85,,127.66,13.98
ORD02762,2025-08-27,CUST0503,Electronics,Headphones,Headphones Product 3,West,5,101.16,0.0,505.8,95.42
ORD02763,2025-02-04,CUST0437,Office Supplies,Binders,Binders Product 8,South,5,36.69,0.05,174.28,21.23
ORD02764,2025-08-05,CUST0743,Electronics,Phones,Phones Product 7,South,1,79.31,0.1,71.38,11.22
ORD02765,2025-01-08,CUST0668,Electronics,Headphones,Headphones Product 4,East,4,18.67,0.0,74.68,7.16
ORD02766,2025-11-04,CUST0317,Accessories,Keyboards,Keyboards Product 2,East,5,21.65,0.0,108.25,27.4
ORD02767,2025-03-06,CUST0716,Office Supplies,Storage,Storage Product 6,East,2,53.62,0.2,85.79,7.09
ORD02768,2025-06-28,CUST0351,Accessories,Bags,Bags Product 7,South,2,64.59,0.05,122.72,28.14
ORD02769,2025-12-27,CUST0484,Accessories,Bags,Bags Product 6,North,5,70.18,0.1,315.81,78.04
ORD02770,2025-10-12,CUST0297,Accessories,Keyboards,Keyboards Product 8,West,1,137.47,0.15,116.85,14.78
ORD02771,2025-05-06,CUST0594,Furniture,Tables,Tables Product 2,North,3,52.25,0.05,148.91,13.81
ORD02772,2025-07-15,CUST0126,Office Supplies,Paper,Paper Product 3,South,4,68.43,0.0,273.72,57.51
ORD02773,2025-08-26,CUST0512,Office Supplies,Paper,Paper Product 7,East,5,152.17,0.05,722.81,134.97
ORD02774,2025-03-30,CUST0046,Office Supplies,Binders,Binders Product 5,South,5,91.91,0.0,459.55,58.06
ORD02775,2025-05-15,CUST0080,Electronics,Laptops,Laptops Product 5,North,2,24.49,0.1,44.08,5.23
ORD02776,2025-10-19,CUST0783,Electronics,Headphones,Headphones Product 1,East,3,64.44,0.0,193.32,25.5
ORD02777,2025-01-03,CUST0526,Furniture,Tables,Tables Product 2,South,2,97.73,0.0,195.46,53.4
ORD02778,2025-12-05,CUST0397,Furniture,Chairs,Chairs Product 2,West,5,40.99,0.0,204.95,42.4
ORD02779,2025-10-16,CUST0181,Furniture,Chairs,Chairs Product 7,South,3,80.07,0.15,204.18,43.29
ORD02780,2025-12-21,CUST0396,Accessories,Keyboards,Keyboards Product 7,South,4,69.38,0.0,277.52,41.12
ORD02781,2025-09-21,CUST0101,Electronics,Headphones,Headphones Product 6,South,2,111.1,0.05,211.09,47.42
ORD02782,2025-12-28,CUST0573,Accessories,Cables,Cables Product 4,West,4,41.26,0.0,165.04,45.16
ORD02783,2025-09-26,CUST0121,Electronics,Headphones,Headphones Product 4,South,1,59.73,0.2,47.78,10.17
ORD02784,2025-03-24,CUST0324,Electronics,Laptops,Laptops Product 8,South,1,20.22,0.15,17.19,3.64
ORD02785,2025-10-31,CUST0079,Accessories,Cables,Cables Product 5,North,1,66.17,0.0,66.17,10.09
ORD02786,2025-02-05,CUST0314,Office Supplies,Paper,Paper Product 4,South,5,38.15,0.0,190.75,23.82
ORD02787,2025-01-15,CUST0372,Electronics,Phones,Phones Product 7,East,1,36.54,0.15,31.06,1.96
ORD02788,2025-01-08,CUST0668,Furniture,Desks,Desks Product 8,West,2,85.3,0.0,170.6,25.77
ORD02789,2025-01-12,CUST0481,Furniture,Chairs,Chairs Product 2,South,2,46.78,0.1,84.2,8.08
ORD02790,2025-07-05,CUST0189,Accessories,Bags,Bags Product 8,East,5,109.49,0.0,547.45,85.53
ORD02791,2025-02-21,CUST0745,Accessories,Keyboards,Keyboards Product 1,West,4,70.7,0.05,268.66,60.85
ORD02792,2025-01-13,CUST0625,Furniture,Desks,Desks Product 6,East,1,35.67,0.0,35.67,5.27
ORD02793,2025-09-11,CUST0703,Furniture,Tables,Tables Product 1,South,3,72.65,0.1,196.16,24.51
ORD02794,2025-12-11,CUST0627,Furniture,Desks,Desks Product 1,East,1,20.73,0.05,19.69,2.03
ORD02795,2025-12-04,CUST0131,Electronics,Phones,Phones Product 5,East,4,81.52,0.0,326.08,38.05
ORD02796,2025-12-18,CUST0246,Electronics,Headphones,Headphones Product 2,East,5,41.09,0.05,195.18,33.84
ORD02797,2025-10-05,CUST0484,Office Supplies,Storage,Storage Product 6,West,4,154.75,0.05,588.05,92.49
ORD02798,2025-04-10,CUST0792,Furniture,Desks,Desks Product 2,North,3,86.38,0.1,233.23,16.42
ORD02799,2025-03-28,CUST0632,Furniture,Tables,Tables Product 2,South,5,49.97,0.0,249.85,55.88
ORD02800,2025-10-22,CUST0622,Furniture,Desks,Desks Product 2,South,1,35.6,0.2,28.48,3.02
ORD02801,2025-10-28,CUST0082,Furniture,Tables,Tables Product 3,North,2,70.74,0.15,120.26,16.78
ORD02802,2025-07-28,CUST0273,Accessories,Bags,Bags Product 1,West,2,205.83,0.2,329.33,27.53
ORD02803,2025-09-25,CUST0289,Electronics,Laptops,Laptops Product 6,West,5,59.21,0.0,296.05,53.32
ORD02804,2025-12-21,CUST0222,Office Supplies,Paper,Paper Product 2,South,4,47.75,0.05,181.45,21.18
ORD02805,2025-03-17,CUST0127,Electronics,Phones,Phones Product 8,West,1,97.01,0.1,87.31,5.18
ORD02806,2025-08-10,CUST0348,Furniture,Desks,Desks Product 4,South,1,63.98,0.05,60.78,14.04
ORD02807,2025-05-29,CUST0057,Office Supplies,Binders,Binders Product 1,West,5,75.36,0.0,376.8,55.21
ORD02808,2025-03-10,CUST0245,Accessories,Bags,Bags Product 2,East,2,16.8,0.0,33.6,5.88
ORD02809,2025-06-27,CUST0539,Accessories,Keyboards,Keyboards Product 5,South,2,147.31,0.1,265.16,24.74
ORD02810,2025-03-02,CUST0259,Office Supplies,Storage,Storage Product 1,South,2,79.84,0.1,143.71,11.28
ORD02811,2025-07-27,CUST0329,Furniture,Desks,Desks Product 1,West,1,35.14,0.0,35.14,2.84
ORD02812,2025-10-22,CUST0036,Electronics,Headphones,Headphones Product 4,East,1,22.74,0.1,20.47,3.6
ORD02813,2025-05-18,CUST0319,Office Supplies,Paper,Paper Product 3,North,2,175.64,0.05,333.72,24.81
ORD02814,2025-05-03,CUST0432,Office Supplies,Paper,Paper Product 4,East,2,108.4,0.05,205.96,14.77
ORD02815,2025-12-05,CUST0170,Office Supplies,Binders,Binders Product 3,North,5,76.59,0.0,382.95,36.76
ORD02816,2025-07-08,CUST0643,Office Supplies,Binders,Binders Product 5,West,4,52.01,,166.43,15.22
ORD02817,2025-03-26,CUST0766,Electronics,Laptops,Laptops Product 7,South,3,95.12,0.15,242.56,27.34
ORD02818,2025-05-07,CUST0340,Furniture,Desks,Desks Product 1,North,3,54.51,0.05,155.35,33.63
ORD02819,2025-03-18,CUST0693,Accessories,Bags,Bags Product 1,South,5,234.11,0.0,1170.55,199.96
ORD02820,2025-04-08,CUST0213,Office Supplies,Storage,Storage Product 3,East,5,69.99,0.0,349.95,62.99
ORD02821,2025-02-07,CUST0290,Furniture,Desks,Desks Product 4,North,1,76.43,0.0,76.43,16.64
ORD02822,2025-05-11,CUST0408,Office Supplies,Paper,Paper Product 8,East,1,54.14,0.2,43.31,5.8
ORD02823,2025-07-18,CUST0228,Electronics,Phones,Phones Product 2,West,2,104.79,0.15,178.14,29.34
ORD02824,2025-12-27,CUST0080,Accessories,Bags,Bags Product 7,East,2,69.66,0.2,111.46,8.1
ORD02825,2025-01-23,CUST0157,Office Supplies,Storage,Storage Product 3,North,1,30.5,0.0,30.5,5.06
ORD02826,2025-10-25,CUST0744,Electronics,Phones,Phones Product 8,East,5,67.09,0.15,285.13,63.78
ORD02827,2025-10-30,CUST0365,Furniture,Chairs,Chairs Product 3,North,3,52.68,0.0,158.04,24.84
ORD02828,2025-07-29,CUST0684,Furniture,Tables,Tables Product 4,South,4,37.25,0.0,149.0,14.52
ORD02829,2025-10-06,CUST0347,Office Supplies,Binders,Binders Product 2,East,2,119.27,0.05,226.61,43.96
ORD02830,2025-04-16,CUST0295,Accessories,Bags,Bags Product 5,South,3,96.05,0.0,288.15,59.76
ORD02831,2025-10-18,CUST0671,Furniture,Desks,Desks Product 5,North,5,206.47,0.15,877.5,75.73
ORD02832,2025-08-07,CUST0263,Electronics,Headphones,Headphones Product 1,East,2,56.09,0.0,112.18,29.52
ORD02833,2025-08-23,CUST0121,Electronics,Laptops,Laptops Product 7,East,3,46.72,0.05,133.15,18.63
ORD02834,2025-04-12,CUST0253,Office Supplies,Paper,Paper Product 7,South,1,35.18,0.1,31.66,6.5
ORD02835,2025-07-29,CUST0459,Office Supplies,Storage,Storage Product 4,West,3,63.46,0.2,152.3,11.56
ORD02836,2025-09-09,CUST0318,Accessories,Cables,Cables Product 6,North,4,19.79,0.1,71.24,8.38
ORD02837,2025-02-16,CUST0240,Electronics,Headphones,Headphones Product 3,North,4,93.57,0.05,355.57,33.55
ORD02838,2025-07-19,CUST0694,Office Supplies,Paper,Paper Product 1,South,1,112.71,0.15,95.8,5.69
ORD02839,2025-04-22,CUST0737,Accessories,Bags,Bags Product 6,North,1,81.84,0.1,73.66,7.57
ORD02840,2025-10-18,CUST0101,Office Supplies,Storage,Storage Product 7,West,4,87.29,0.15,296.79,50.68
ORD02841,2025-09-15,CUST0635,Office Supplies,Paper,Paper Product 6,North,2,90.68,0.0,181.36,20.37
ORD02842,2025-04-17,CUST0603,Accessories,Keyboards,Keyboards Product 5,South,5,59.3,0.0,296.5,42.47
ORD02843,2025-04-23,CUST0793,Office Supplies,Storage,Storage Product 6,West,5,56.57,0.1,254.57,44.6
ORD02844,2025-05-25,CUST0333,Furniture,Chairs,Chairs Product 7,East,5,34.9,0.1,157.05,27.83
ORD02845,2025-07-06,CUST0321,Electronics,Phones,Phones Product 3,North,4,69.69,0.0,278.76,73.05
ORD02846,2025-05-28,CUST0238,Electronics,Phones,Phones Product 2,North,4,30.55,0.2,97.76,11.15
ORD02847,2025-02-04,CUST0750,Office Supplies,Paper,Paper Product 4,West,4,62.89,0.0,251.56,35.74
ORD02848,2025-09-29,CUST0119,Electronics,Phones,Phones Product 5,South,1,100.34,0.0,100.34,14.38
ORD02849,2025-04-06,CUST0404,Furniture,Desks,Desks Product 1,West,3,48.85,0.1,131.9,20.2
ORD02850,2025-04-16,CUST0549,Accessories,Cables,Cables Product 5,South,4,32.28,0.2,103.3,15.17
ORD02851,2025-07-21,CUST0777,Office Supplies,Storage,Storage Product 5,South,1,35.73,0.0,35.73,7.05
ORD02852,2025-09-08,CUST0318,Accessories,Bags,Bags Product 1,South,1,28.66,0.0,28.66,5.66
ORD02853,2025-03-23,CUST0344,Furniture,Tables,Tables Product 6,North,5,38.79,0.15,164.86,14.52
ORD02854,2025-07-01,CUST0647,Office Supplies,Paper,Paper Product 1,East,1,61.36,0.15,52.16,10.52
ORD02855,2025-03-07,CUST0097,Accessories,Keyboards,Keyboards Product 5,South,2,43.45,0.1,78.21,8.9
ORD02856,2025-01-04,CUST0534,Furniture,Chairs,Chairs Product 6,West,2,48.33,0.0,96.66,11.39
ORD02857,2025-03-26,CUST0185,Furniture,Desks,Desks Product 1,North,1,58.95,0.1,53.06,11.65
ORD02858,2025-01-25,CUST0532,Furniture,Chairs,Chairs Product 7,South,3,41.06,0.0,123.18,23.12
ORD02859,2025-04-17,CUST0703,Electronics,Phones,Phones Product 8,North,5,33.93,0.05,161.17,28.65
ORD02860,2025-01-30,CUST0501,Office Supplies,Paper,Paper Product 8,North,2,52.54,0.2,84.06,2.92
ORD02861,2025-08-22,CUST0072,Office Supplies,Storage,Storage Product 5,East,5,102.79,0.1,462.56,27.03
ORD02862,2025-02-19,CUST0039,Accessories,Keyboards,Keyboards Product 8,South,2,33.08,0.1,59.54,9.26
ORD02863,2025-09-01,CUST0569,Office Supplies,Paper,Paper Product 3,North,2,29.06,0.05,55.21,12.63
ORD02864,2025-11-24,CUST0756,Office Supplies,Binders,Binders Product 4,South,2,44.8,0.05,85.12,17.59
ORD02865,2025-06-06,CUST0568,Furniture,Chairs,Chairs Product 7,South,4,40.6,0.0,162.4,41.92
ORD02866,2025-05-31,CUST0713,Furniture,Tables,Tables Product 4,East,3,53.31,0.05,151.93,28.36
ORD02867,2025-03-07,CUST0315,Office Supplies,Paper,Paper Product 7,West,1,86.26,0.2,69.01,13.02
ORD02868,2025-06-12,CUST0393,Accessories,Bags,Bags Product 2,East,1,27.06,0.1,24.35,2.43
ORD02869,2025-02-10,CUST0377,Electronics,Headphones,Headphones Product 1,South,1,65.91,0.2,52.73,11.32
ORD02870,2025-07-23,CUST0023,Electronics,Laptops,Laptops Product 7,South,4,34.64,0.0,138.56,32.23
ORD02871,2025-06-10,CUST0253,Furniture,Desks,Desks Product 1,South,5,39.74,0.05,188.77,25.83
ORD02872,2025-12-03,CUST0079,Furniture,Desks,Desks Product 1,East,2,150.07,0.15,255.12,11.96
ORD02873,2025-04-19,CUST0439,Furniture,Tables,Tables Product 1,South,3,56.25,0.0,168.75,31.23
ORD02874,2025-01-27,CUST0707,Office Supplies,Paper,Paper Product 7,East,2,107.26,0.05,203.79,22.37
ORD02875,2025-06-23,CUST0463,Electronics,Headphones,Headphones Product 5,North,3,99.5,0.0,298.5,56.41
ORD02876,2025-06-17,CUST0465,Furniture,Desks,Desks Product 6,West,1,47.86,0.0,47.86,6.88
ORD02877,2025-01-21,CUST0497,Office Supplies,Paper,Paper Product 1,North,4,30.32,0.0,121.28,26.57
ORD02878,2025-04-18,CUST0795,Accessories,Cables,Cables Product 3,South,5,184.93,0.2,739.72,115.11
ORD02879,2025-03-07,CUST0021,Office Supplies,Storage,Storage Product 2,East,5,31.94,0.2,127.76,13.3
ORD02880,2025-11-30,CUST0651,Electronics,Laptops,Laptops Product 3,North,1,87.91,0.05,83.51,14.7
ORD02881,2025-07-30,CUST0030,Accessories,Keyboards,Keyboards Product 1,East,5,56.36,0.1,253.62,59.76
ORD02882,2025-09-18,CUST0640,Office Supplies,Binders,Binders Product 1,South,5,14.62,0.0,73.1,14.82
ORD02883,2025-11-03,CUST0656,Furniture,Tables,Tables Product 5,West,1,82.6,0.0,82.6,15.69
ORD02884,2025-07-25,CUST0644,Furniture,Chairs,Chairs Product 3,East,4,45.07,0.15,153.24,30.77
ORD02885,2025-09-22,CUST0635,Electronics,Laptops,Laptops Product 5,North,3,29.1,0.05,82.94,6.48
ORD02886,2025-05-21,CUST0355,Office Supplies,Storage,Storage Product 4,West,3,39.27,0.0,117.81,16.54
ORD02887,2025-12-15,CUST0133,Electronics,Headphones,Headphones Product 6,East,2,185.67,0.0,371.34,64.09
ORD02888,2025-10-24,CUST0192,Office Supplies,Storage,Storage Product 5,West,4,16.69,0.05,63.42,16.47
ORD02889,2025-02-21,CUST0175,Furniture,Desks,Desks Product 2,South,2,105.13,0.15,178.72,35.46
ORD02890,2025-05-31,CUST0005,Electronics,Phones,Phones Product 6,East,4,106.54,0.0,426.16,68.21
ORD02891,2025-01-29,CUST0012,Accessories,Cables,Cables Product 4,East,2,90.25,0.0,180.5,16.99
ORD02892,2025-10-07,CUST0280,Furniture,Chairs,Chairs Product 8,East,2,239.6,0.0,479.2,94.59
ORD02893,2025-02-28,CUST0532,Office Supplies,Binders,Binders Product 5,South,4,33.25,0.15,113.05,6.29
ORD02894,2025-08-10,CUST0719,Accessories,Cables,Cables Product 8,West,1,77.35,0.05,73.48,15.8
ORD02895,2025-09-15,CUST0015,Furniture,Tables,Tables Product 4,South,2,59.34,0.0,118.68,29.69
ORD02896,2025-01-31,CUST0065,Accessories,Keyboards,Keyboards Product 7,South,1,112.99,0.0,112.99,20.95
ORD02897,2025-10-17,CUST0584,Office Supplies,Storage,Storage Product 6,East,1,70.62,0.0,70.62,10.8
ORD02898,2025-09-07,CUST0156,Electronics,Headphones,Headphones Product 6,North,3,79.26,0.0,237.78,62.12
ORD02899,2025-12-06,CUST0165,Furniture,Chairs,Chairs Product 7,North,4,19.51,0.1,70.24,9.01
ORD02900,2025-12-18,CUST0096,Office Supplies,Paper,Paper Product 3,West,3,58.56,0.1,158.11,30.26
ORD02901,2025-12-30,CUST0321,Electronics,Laptops,Laptops Product 5,North,3,66.89,0.0,200.67,28.74
ORD02902,2025-05-28,CUST0630,Furniture,Desks,Desks Product 1,West,5,28.1,0.0,140.5,26.38
ORD02903,2025-12-04,CUST0028,Electronics,Phones,Phones Product 4,North,2,47.74,0.1,85.93,18.17
ORD02904,2025-01-20,CUST0615,Electronics,Phones,Phones Product 5,North,4,101.53,0.0,406.12,45.25
ORD02905,2025-12-21,CUST0133,Office Supplies,Binders,Binders Product 2,West,1,58.4,0.05,55.48,9.61
ORD02906,2025-01-02,CUST0155,Furniture,Desks,Desks Product 6,North,1,175.71,0.0,175.71,35.37
ORD02907,2025-02-14,CUST0359,Office Supplies,Storage,Storage Product 1,North,4,33.91,0.05,128.86,23.62
ORD02908,2025-11-18,CUST0405,Electronics,Laptops,Laptops Product 8,North,5,293.37,0.0,1466.85,218.11
ORD02909,2025-07-12,CUST0615,Accessories,Cables,Cables Product 8,North,3,13.79,0.15,35.16,4.4
ORD02910,2025-08-09,CUST0785,Furniture,Desks,Desks Product 6,West,3,72.04,0.1,194.51,11.14
ORD02911,2025-07-23,CUST0441,Accessories,Bags,Bags Product 1,West,1,49.31,0.2,39.45,5.81
ORD02912,2025-08-29,CUST0152,Office Supplies,Storage,Storage Product 7,South,1,84.47,0.05,80.25,15.7
ORD02913,2025-04-20,CUST0189,Office Supplies,Binders,Binders Product 4,South,4,38.47,0.0,153.88,38.72
ORD02914,2025-11-01,CUST0159,Office Supplies,Binders,Binders Product 3,North,3,30.1,0.05,85.79,7.39
ORD02915,2025-08-31,CUST0031,Office Supplies,Storage,Storage Product 8,West,2,57.45,0.1,103.41,22.74
ORD02916,2025-11-08,CUST0449,Office Supplies,Binders,Binders Product 3,South,2,125.42,0.05,238.3,52.82
ORD02917,2025-06-13,CUST0031,Office Supplies,Storage,Storage Product 3,North,1,45.81,0.15,38.94,6.14
ORD02918,2025-01-15,CUST0551,Furniture,Desks,Desks Product 4,North,3,108.05,0.0,324.15,65.51
ORD02919,2025-07-30,CUST0368,Accessories,Cables,Cables Product 4,North,4,141.01,0.0,564.04,80.96
ORD02920,2025-04-02,CUST0439,Accessories,Bags,Bags Product 7,West,3,128.49,0.0,385.47,84.75
ORD02921,2025-07-06,CUST0657,Accessories,Keyboards,Keyboards Product 8,West,5,36.15,0.2,144.6,31.34
ORD02922,2025-12-01,CUST0299,Electronics,Laptops,Laptops Product 7,East,1,99.02,0.1,89.12,6.2
ORD02923,2025-09-24,CUST0298,Furniture,Chairs,Chairs Product 5,South,1,148.17,0.15,125.94,14.13
ORD02924,2025-11-02,CUST0045,Office Supplies,Paper,Paper Product 4,East,2,136.16,0.15,231.47,35.22
ORD02925,2025-06-27,CUST0621,Electronics,Laptops,Laptops Product 3,North,1,157.41,0.05,149.54,11.02
ORD02926,2025-09-04,CUST0095,Electronics,Laptops,Laptops Product 4,East,3,15.8,0.1,42.66,2.9
ORD02927,2025-11-01,CUST0122,Accessories,Cables,Cables Product 6,East,3,82.45,0.0,247.35,37.7
ORD02928,2025-04-07,CUST0535,Furniture,Tables,Tables Product 8,South,1,34.15,0.1,30.73,3.52
ORD02929,2025-03-18,CUST0089,Accessories,Bags,Bags Product 7,South,4,131.73,0.0,526.92,55.56
ORD02930,2025-08-13,CUST0672,Electronics,Headphones,Headphones Product 7,East,2,52.32,0.1,94.18,12.92
ORD02931,2025-04-01,CUST0515,Furniture,Tables,Tables Product 1,West,5,79.3,0.15,337.02,70.69
ORD02932,2025-12-26,CUST0551,Office Supplies,Paper,Paper Product 3,West,4,85.33,0.0,341.32,80.98
ORD02933,2025-11-08,CUST0112,Furniture,Desks,Desks Product 7,East,3,115.54,0.0,346.62,52.92
ORD02934,2025-07-18,CUST0634,Electronics,Headphones,Headphones Product 8,North,4,192.28,0.15,653.75,115.54
ORD02935,2025-07-14,CUST0637,Electronics,Phones,Phones Product 6,East,2,95.18,0.0,190.36,19.28
ORD02936,2025-04-26,CUST0626,Furniture,Chairs,Chairs Product 2,East,5,36.46,0.15,154.96,22.32
ORD02937,2025-04-23,CUST0735,Accessories,Bags,Bags Product 2,West,4,53.75,0.0,215.0,47.19
ORD02938,2025-05-19,CUST0393,Accessories,Cables,Cables Product 3,West,2,184.49,0.05,350.53,37.93
ORD02939,2025-12-29,CUST0022,Furniture,Desks,Desks Product 8,West,2,45.01,0.1,81.02,13.58
ORD02940,2025-09-01,CUST0110,Office Supplies,Storage,Storage Product 8,East,3,144.03,0.2,345.67,43.48
ORD02941,2025-05-17,CUST0240,Electronics,Headphones,Headphones Product 6,West,5,244.36,0.05,1160.71,148.31
ORD02942,2025-07-09,CUST0767,Furniture,Chairs,Chairs Product 6,West,4,58.45,0.15,198.73,20.63
ORD02943,2025-12-24,CUST0612,Electronics,Laptops,Laptops Product 6,East,1,27.29,0.15,23.2,5.25
ORD02944,2025-01-02,CUST0482,Accessories,Bags,Bags Product 3,South,2,23.05,0.0,46.1,6.88
ORD02945,2025-01-18,CUST0797,Furniture,Tables,Tables Product 6,North,1,16.63,0.1,14.97,1.14
ORD02946,2025-08-26,CUST0543,Accessories,Keyboards,Keyboards Product 5,North,3,66.43,0.2,159.43,5.89
ORD02947,2025-08-16,CUST0469,Accessories,Cables,Cables Product 7,North,4,251.78,0.15,856.05,157.15
ORD02948,2025-01-06,CUST0087,Office Supplies,Paper,Paper Product 4,South,1,63.86,0.05,60.67,12.78
ORD02949,2025-07-26,CUST0403,Electronics,Laptops,Laptops Product 3,South,1,75.97,0.0,75.97,6.14
ORD02950,2025-11-13,CUST0519,Office Supplies,Binders,Binders Product 5,South,5,118.06,0.05,560.78,101.39
ORD02951,2025-12-03,CUST0684,Furniture,Chairs,Chairs Product 1,South,3,39.09,0.05,111.41,20.46
ORD02952,2025-08-04,CUST0007,Electronics,Phones,Phones Product 7,North,1,229.64,0.0,229.64,26.84
ORD02953,2025-07-17,CUST0765,Office Supplies,Binders,Binders Product 7,North,2,48.15,0.05,91.48,14.58
ORD02954,2025-10-30,CUST0221,Furniture,Chairs,Chairs Product 3,North,2,202.88,0.1,365.18,54.91
ORD02955,2025-11-08,CUST0678,Electronics,Laptops,Laptops Product 3,East,5,14.51,0.0,72.55,8.11
ORD02956,2025-08-03,CUST0728,Furniture,Chairs,Chairs Product 4,West,3,68.19,0.15,173.88,32.41
ORD02957,2025-12-24,CUST0190,Accessories,Keyboards,Keyboards Product 6,South,4,143.76,0.0,575.04,65.0
ORD02958,2025-01-19,CUST0349,Office Supplies,Storage,Storage Product 3,North,1,102.02,0.15,86.72,14.59
ORD02959,2025-02-28,CUST0610,Accessories,Cables,Cables Product 4,South,5,168.97,0.0,844.85,109.38
ORD02960,2025-02-27,CUST0001,Office Supplies,Paper,Paper Product 2,North,2,138.73,0.0,277.46,72.85
ORD02961,2025-09-23,CUST0201,Electronics,Headphones,Headphones Product 7,East,1,75.97,0.1,68.37,9.34
ORD02962,2025-05-21,CUST0521,Electronics,Phones,Phones Product 3,East,4,48.34,0.15,164.36,31.3
ORD02963,2025-11-12,CUST0149,Electronics,Phones,Phones Product 1,East,3,57.16,0.05,162.91,36.57
ORD02964,2025-07-03,CUST0160,Accessories,Keyboards,Keyboards Product 3,West,5,194.88,0.0,974.4,217.04
ORD02965,2025-03-25,CUST0537,Electronics,Laptops,Laptops Product 7,East,2,70.14,0.15,119.24,18.87
ORD02966,2025-02-14,CUST0196,Accessories,Bags,Bags Product 4,West,4,20.3,0.0,81.2,20.56
ORD02967,2025-08-18,CUST0139,Accessories,Keyboards,Keyboards Product 6,South,5,17.17,0.2,68.68,12.45
ORD02968,2025-04-06,CUST0624,Furniture,Desks,Desks Product 5,North,3,51.24,0.2,122.98,19.38
ORD02969,2025-06-02,CUST0590,Accessories,Keyboards,Keyboards Product 6,East,1,26.14,0.0,26.14,6.76
ORD02970,2025-05-29,CUST0371,Furniture,Desks,Desks Product 2,South,2,84.42,0.0,168.84,17.93
ORD02971,2025-09-14,CUST0247,Office Supplies,Binders,Binders Product 4,East,1,72.41,0.0,72.41,18.13
ORD02972,2025-03-31,CUST0679,Office Supplies,Paper,Paper Product 7,West,5,49.44,0.05,234.84,41.45
ORD02973,2025-08-17,CUST0031,Accessories,Bags,Bags Product 4,North,1,113.01,0.15,96.06,6.48
ORD02974,2025-10-13,CUST0270,Office Supplies,Binders,Binders Product 3,West,2,80.0,0.05,152.0,19.3
ORD02975,2025-10-24,CUST0317,Furniture,Desks,Desks Product 1,West,4,78.26,0.2,250.43,32.15
ORD02976,2025-02-09,CUST0726,Accessories,Keyboards,Keyboards Product 5,East,4,57.05,0.2,182.56,17.84
ORD02977,2025-11-11,CUST0129,Furniture,Chairs,Chairs Product 2,South,5,70.86,0.1,318.87,56.73
ORD02978,2025-06-28,CUST0105,Electronics,Headphones,Headphones Product 4,East,1,52.29,0.0,52.29,9.84
ORD02979,2025-04-03,CUST0332,Accessories,Bags,Bags Product 1,East,1,110.29,0.2,88.23,16.97
ORD02980,2025-07-11,CUST0743,Office Supplies,Storage,Storage Product 7,East,1,41.11,0.15,34.94,4.14
ORD02981,2025-02-04,CUST0305,Electronics,Laptops,Laptops Product 1,East,1,17.43,0.05,16.56,1.36
ORD02982,2025-06-10,CUST0307,Accessories,Cables,Cables Product 2,West,2,174.97,0.1,314.95,36.25
ORD02983,2025-01-28,CUST0212,Office Supplies,Binders,Binders Product 5,North,3,103.79,0.15,264.66,48.1
ORD02984,2025-03-14,CUST0687,Electronics,Headphones,Headphones Product 5,South,3,85.74,0.0,257.22,71.75
ORD02985,2025-09-06,CUST0639,Accessories,Keyboards,Keyboards Product 4,South,1,40.5,0.0,40.5,10.58
ORD02986,2025-04-25,CUST0048,Accessories,Keyboards,Keyboards Product 1,West,2,73.34,0.2,117.34,15.18
ORD02987,2025-11-17,CUST0550,Office Supplies,Paper,Paper Product 8,North,3,78.69,0.0,236.07,46.38
ORD02988,2025-12-09,CUST0522,Accessories,Bags,Bags Product 1,South,3,36.22,0.1,97.79,9.35
ORD02989,2025-06-03,CUST0716,Accessories,Cables,Cables Product 1,East,5,24.89,,124.45,16.2
ORD02990,2025-05-10,CUST0022,Electronics,Headphones,Headphones Product 4,South,5,109.74,0.0,548.7,149.87
ORD02991,2025-10-10,CUST0103,Accessories,Keyboards,Keyboards Product 6,South,2,39.26,0.1,70.67,12.68
ORD02992,2025-11-18,CUST0684,Furniture,Tables,Tables Product 3,West,5,34.25,0.1,154.12,37.44
ORD02993,2025-01-20,CUST0162,Electronics,Laptops,Laptops Product 6,East,1,35.67,0.0,35.67,7.95
ORD02994,2025-09-17,CUST0454,Office Supplies,Paper,Paper Product 2,North,1,60.09,0.05,57.09,9.73
ORD02995,2025-01-23,CUST0355,Accessories,Keyboards,Keyboards Product 2,South,1,39.57,0.0,39.57,4.81
ORD02996,2025-09-16,CUST0626,Electronics,Headphones,Headphones Product 5,North,5,36.56,0.0,182.8,16.71
ORD02997,2025-02-09,CUST0017,Electronics,Phones,Phones Product 8,East,1,109.6,0.2,87.68,5.65
ORD02998,2025-12-26,CUST0693,Accessories,Keyboards,Keyboards Product 1,North,5,43.41,0.15,184.49,29.78
ORD02999,2025-08-18,CUST0259,Electronics,Headphones,Headphones Product 4,West,2,79.87,0.0,159.74,19.68
ORD03000,2025-02-27,CUST0193,Electronics,Phones,Phones Product 8,South,2,47.74,0.05,90.71,8.57
ORD00001,2025-06-10,CUST0421,Electronics,Headphones,Headphones Product 8,East,4,98.28,0.1,353.81,26.12
ORD00002,2025-03-08,CUST0741,Accessories,Keyboards,Keyboards Product 7,East,4,59.68,0.05,226.78,32.13
ORD00003,2025-06-11,CUST0686,Furniture,Desks,Desks Product 7,South,3,34.52,0.05,98.38,7.9
ORD00004,2025-09-05,CUST0622,Office Supplies,Paper,Paper Product 7,North,4,38.76,0.2,124.03,25.88
